Pokemon,Score,Dex,Type 1,Type 2,Attack,Defense,Stamina,Stat Product,Level,CP,Fast Move,Charged Move 1,Charged Move 2,Charged Move 1 Count,Charged Move 2 Count,Buddy Distance,Charged Move Cost
Diggersby,93.6,660,13,11,96.3,141.2,171,2324733,48.0,1496,106,92,226.0,5,7,1,10000
Forretress,93.6,205,1,17,110.2,141.6,130,2028758,25.0,1496,8,223,218.0,14,17,5,75000
Lapras,92.9,131,18,12,104.7,114.0,179,2135530,21.5,1497,105,249,131.0,12,14,5,75000
Jellicent,92.7,593,18,9,106.7,124.3,157,2082451,24.0,1490,40,260,230.0,4,5,3,50000
Corsola (Galarian),92.4,222,9,0,99.6,162.1,139,2243153,46.5,1494,4,171,191.0,5,5,3,50000
Dusclops,92.4,356,9,0,103.1,198.9,106,2173343,43.0,1498,40,133,235.0,4,3,3,50000
Gligar (Shadow),92.4,207,11,8,108.0,146.2,130,2052969,30.5,1493,36,4,60.0,10,13,5,75000
Samurott,92.3,503,18,0,129.0,102.2,132,1740020,20.0,1498,36,125,154.0,10,14,3,10000
Gligar,92.2,207,11,8,108.0,146.2,130,2052969,30.5,1493,36,4,60.0,10,13,5,75000
Clodsire,92.1,980,14,11,94.2,119.4,209,2352152,29.0,1490,99,84,253.0,8,7,3,50000
Jumpluff (Shadow),92.0,189,10,8,97.0,153.5,155,2308399,41.0,1500,28,4,2.0,5,7,3,50000
Feraligatr,91.8,160,18,0,123.3,118.0,124,1803586,19.5,1493,119,125,131.0,5,7,3,10000
Dusknoir (Shadow),91.7,477,9,0,119.8,172.9,90,1864291,23.5,1499,4,81,235.0,5,4,3,50000
Golisopod,91.7,768,1,18,125.2,133.6,107,1788916,17.5,1498,36,296,11.0,10,10,1,10000
Mandibuzz,91.7,630,2,8,92.3,149.2,176,2424943,27.0,1497,123,55,4.0,4,4,5,75000
Corviknight,91.6,823,8,17,107.6,128.1,151,2082389,23.0,1498,116,242,139.0,14,13,1,10000
Gastrodon,91.6,423,18,11,114.4,102.5,167,1957876,24.5,1497,95,26,82.0,4,6,3,50000
Sableye (Shadow),91.6,302,2,9,121.0,123.5,124,1853355,45.5,1499,119,104,191.0,5,7,5,75000
Steelix,91.5,208,17,11,98.4,185.2,124,2260578,23.5,1493,133,201,32.0,6,6,5,75000
Stunfisk,91.4,618,11,4,101.8,127.9,169,2200089,26.5,1497,134,166,62.0,5,5,5,75000
Dusknoir,91.2,477,9,0,119.8,172.9,90,1864291,23.5,1499,4,81,235.0,5,4,3,50000
Feraligatr (Shadow),91.1,160,18,0,123.3,118.0,124,1803586,19.5,1493,119,125,131.0,5,7,3,10000
Samurott (Shadow),90.9,503,18,0,129.0,102.2,132,1740020,20.0,1498,36,125,154.0,10,14,3,10000
Annihilape (Shadow),90.7,979,6,9,123.9,106.3,137,1804832,17.0,1499,16,209,133.0,6,7,3,50000
Metang (Shadow),90.5,375,17,15,108.9,145.5,129,2043486,35.0,1494,36,205,114.0,10,15,5,75000
Diggersby (Shadow),90.4,660,13,11,96.3,141.2,171,2324733,48.0,1496,106,226,92.0,7,5,1,10000
Carbink,90.3,703,16,5,84.9,247.9,126,2650835,50.0,1500,112,191,164.0,10,12,5,75000
Dedenne,90.3,702,4,5,124.2,108.7,133,1795844,30.5,1497,134,183,187.0,5,7,3,50000
Marowak (Shadow),90.3,105,11,0,110.8,145.0,126,2025310,32.0,1500,95,28,216.0,4,5,3,50000
Morpeko (Full Belly),90.1,877,4,2,141.7,97.8,114,1580701,29.0,1499,134,17,201.0,5,4,3,50000
Weezing (Galarian) (Shadow),90.1,110,14,5,118.4,138.9,115,1889997,24.5,1495,28,244,38.0,5,4,3,50000
Golurk (Shadow),89.9,623,11,9,133.9,96.7,129,1671084,19.5,1500,95,235,81.0,4,5,5,75000
Quagsire (Shadow),89.9,195,18,11,111.3,112.0,161,2005558,28.5,1494,93,13,253.0,5,7,3,50000
Machoke (Shadow),89.8,67,6,0,127.7,97.2,141,1750103,27.0,1498,81,49,81.0,4,5,3,50000
Steelix (Shadow),89.8,208,17,11,98.4,185.2,124,2260578,23.5,1493,133,201,32.0,6,6,5,75000
Togedemaru,89.8,777,4,17,132.1,105.6,121,1688198,26.0,1495,134,89,293.0,4,5,3,50000
Cradily,89.7,346,16,10,106.3,139.0,143,2111521,26.0,1498,1,218,111.0,7,7,3,50000
Forretress (Shadow),89.7,205,1,17,110.2,141.6,130,2028758,25.0,1496,8,223,218.0,14,17,5,75000
Lapras (Shadow),89.6,131,18,12,104.7,114.0,179,2135530,21.5,1497,105,249,131.0,12,14,5,75000
Marowak,89.6,105,11,0,110.8,145.0,126,2025310,32.0,1500,95,28,216.0,4,5,3,50000
Primeape,89.6,57,6,0,140.2,99.2,115,1598880,24.5,1497,81,209,47.0,4,5,3,50000
Furret,89.5,162,13,0,116.1,105.4,158,1933854,34.5,1500,129,262,276.0,5,7,1,10000
Pangoro,89.4,675,6,2,134.5,92.0,134,1658196,19.0,1496,81,47,172.0,5,4,3,50000
Bastiodon,89.3,411,16,17,81.1,246.7,138,2761698,47.5,1498,121,253,97.0,7,7,5,75000
Dusclops (Shadow),89.3,356,9,0,103.1,198.9,106,2173343,43.0,1498,40,133,235.0,4,3,3,50000
Emolga,89.3,587,4,8,127.9,111.4,123,1752744,39.0,1498,134,2,62.0,7,5,1,10000
Runerigus,89.3,867,11,9,112.2,168.3,106,2002086,25.0,1500,119,218,230.0,7,7,3,50000
Azumarill,88.9,184,18,5,93.7,134.1,190,2387435,43.5,1498,7,131,187.0,5,6,3,50000
Malamar (Shadow),88.9,687,2,15,118.5,117.1,136,1887141,24.0,1499,105,104,258.0,10,10,3,50000
Primeape (Shadow),88.9,57,6,0,140.2,99.2,115,1598880,24.5,1497,81,209,47.0,4,5,3,50000
Grumpig,88.8,326,15,0,114.5,128.3,133,1953798,24.0,1498,105,81,230.0,12,14,1,10000
Quagsire,88.8,195,18,11,111.3,112.0,161,2005558,28.5,1494,93,13,253.0,5,7,3,50000
Sableye,88.8,302,2,9,121.0,123.5,124,1853355,45.5,1499,119,104,191.0,5,7,5,75000
Bellibolt,88.7,939,4,0,115.1,107.7,156,1934288,21.0,1492,129,297,183.0,12,7,1,50000
Dewott (Shadow),88.7,502,18,0,124.2,98.6,147,1800321,33.5,1498,36,13,296.0,9,10,3,10000
Dragalge,88.6,691,14,3,117.9,139.9,115,1895881,23.5,1496,1,13,180.0,5,8,3,50000
Malamar,88.6,687,2,15,118.5,117.1,136,1887141,24.0,1499,105,258,104.0,10,10,3,50000
Araquanid,88.5,752,18,1,97.9,176.1,133,2292389,33.5,1499,8,285,40.0,19,14,3,50000
Claydol,88.4,344,11,15,102.7,173.3,121,2153472,28.5,1488,95,218,131.0,5,6,3,50000
Metang,88.4,375,17,15,108.9,145.5,129,2043486,35.0,1494,36,205,213.0,10,18,5,75000
Moltres (Galarian),88.4,146,2,8,115.1,137.5,122,1930734,17.5,1493,129,101,31.0,7,8,20,100000
Scizor (Shadow),88.4,212,1,17,137.9,110.3,106,1612512,18.5,1497,10,172,276.0,5,7,5,75000
Tinkaton,88.4,959,5,17,107.3,136.3,143,2090037,25.5,1497,28,187,43.0,7,5,3,75000
Toxapex,88.2,748,14,18,92.3,222.0,118,2416922,38.5,1493,97,36,246.0,8,10,3,50000
Aurorus,87.8,699,16,12,114.1,105.7,163,1966639,20.0,1498,102,289,156.0,5,8,5,75000
Marowak (Alolan) (Shadow),87.8,105,7,9,110.8,145.0,126,2025310,32.0,1500,31,232,28.0,5,4,3,50000
Togetic,87.8,176,5,8,110.6,150.0,122,2023327,37.0,1496,28,205,58.0,5,7,3,50000
Weezing (Galarian),87.6,110,14,5,118.4,138.9,115,1889997,24.5,1495,28,244,38.0,5,4,3,50000
Whiscash (Shadow),87.6,340,18,11,107.6,107.6,178,2060545,27.0,1490,93,166,224.0,5,7,1,10000
Drapion (Shadow),87.5,452,14,2,118.5,136.5,117,1892269,23.0,1499,99,52,13.0,5,4,5,75000
Grumpig (Shadow),87.5,326,15,0,114.5,128.3,133,1953798,24.0,1498,105,81,230.0,12,14,1,10000
Regidrago,87.5,895,3,0,121.9,62.7,241,1842328,20.0,1499,21,72,32.0,15,12,20,100000
Drifblim,87.4,426,9,8,119.8,75.0,208,1867826,23.0,1498,40,137,230.0,4,5,5,75000
Melmetal,87.4,809,17,0,121.5,107.8,141,1846977,15.5,1500,134,65,258.0,4,5,20,100000
Sandslash (Alolan) (Shadow),87.4,28,12,17,116.6,132.6,124,1917384,23.0,1500,119,133,79.0,5,6,3,50000
Golurk,87.3,623,11,9,133.9,96.7,129,1671084,19.5,1500,95,235,81.0,4,5,5,75000
Jumpluff,87.3,189,10,8,97.0,153.5,155,2308399,41.0,1500,28,4,86.0,5,7,3,50000
Marowak (Alolan),87.3,105,7,9,110.8,145.0,126,2025310,32.0,1500,31,28,232.0,4,5,3,50000
Scizor,87.1,212,1,17,137.9,110.3,106,1612512,18.5,1497,10,172,276.0,5,7,5,75000
Machamp (Shadow),87.0,68,6,0,136.4,97.2,124,1644073,17.5,1497,81,49,253.0,4,7,3,50000
Sealeo (Shadow),87.0,364,12,18,108.6,113.2,167,2053854,36.5,1497,102,260,26.0,6,5,3,50000
Blastoise,86.9,9,18,0,111.5,140.7,127,1992357,22.5,1492,114,125,241.0,4,6,3,10000
Clefable,86.8,36,5,0,117.2,111.5,146,1908090,23.0,1499,28,164,262.0,7,4,1,10000
Drifblim (Shadow),86.8,426,9,8,119.8,75.0,208,1867826,23.0,1498,40,137,230.0,4,5,5,75000
Lickitung,86.8,108,13,0,98.3,126.9,183,2282878,50.0,1498,84,26,192.0,12,17,3,50000
Annihilape,86.7,979,6,9,123.9,106.3,137,1804832,17.0,1499,16,209,47.0,6,8,3,50000
Bronzong,86.7,437,17,15,111.3,151.8,119,2010401,25.5,1498,92,205,184.0,5,8,3,50000
Sandslash (Alolan),86.7,28,12,17,116.6,132.6,124,1917384,23.0,1500,119,133,79.0,5,6,3,50000
Bastiodon (Shadow),86.6,411,16,17,81.1,246.7,138,2761698,47.5,1498,121,253,97.0,7,7,5,75000
Victreebel,86.6,71,10,14,135.8,94.8,128,1648364,23.0,1500,1,143,245.0,5,7,3,50000
Swampert (Shadow),86.5,260,18,11,123.0,108.6,136,1815930,18.5,1498,93,125,244.0,5,5,3,10000
Victreebel (Shadow),86.5,71,10,14,135.8,94.8,128,1648364,23.0,1500,1,143,245.0,5,7,3,50000
Lurantis,86.4,754,10,0,126.9,114.6,121,1760366,23.5,1495,36,143,258.0,9,10,3,50000
Swampert,86.4,260,18,11,123.0,108.6,136,1815930,18.5,1498,93,125,244.0,5,5,3,10000
Whiscash,86.4,340,18,11,107.6,107.6,178,2060545,27.0,1490,93,166,224.0,5,7,1,10000
Greninja,86.3,658,18,2,139.6,101.6,113,1602682,21.0,1497,141,125,172.0,3,3,3,10000
Machamp,86.3,68,6,0,136.4,97.2,124,1644073,17.5,1497,81,49,253.0,4,7,3,50000
Vespiquen,86.3,416,1,8,109.1,143.3,131,2049009,28.5,1500,36,296,191.0,10,13,3,50000
Guzzlord,86.2,799,2,3,113.3,65.5,266,1972626,19.5,1494,23,38,245.0,4,6,20,100000
Registeel,86.2,379,17,0,95.5,189.6,130,2353244,23.0,1499,86,103,297.0,15,16,20,100000
Tinkatuff,86.2,958,5,17,104.2,134.4,149,2087357,50.0,1477,28,187,99.0,7,8,3,75000
Dewott,86.1,502,18,0,123.8,99.4,147,1809318,35.5,1499,36,13,296.0,9,10,3,10000
Electivire (Shadow),86.1,466,4,0,144.0,98.0,110,1552610,18.0,1498,134,133,293.0,5,5,5,75000
Armarouge,85.9,936,7,15,133.6,110.6,114,1684722,17.5,1500,77,205,95.0,2,3,5,50000
Linoone,85.9,264,13,0,114.6,112.2,152,1953755,39.0,1497,119,262,111.0,5,7,1,10000
Drapion,85.8,452,14,2,118.5,136.5,117,1892269,23.0,1499,99,52,13.0,5,4,5,75000
Tentacruel,85.8,73,18,14,110.1,139.9,132,2032660,23.5,1496,1,224,246.0,7,9,3,50000
Blastoise (Shadow),85.7,9,18,0,111.5,140.7,127,1992357,22.5,1492,114,125,241.0,4,6,3,10000
Gliscor,85.7,472,11,8,115.7,143.9,116,1930695,21.0,1496,36,84,4.0,17,10,5,75000
Ninetales (Shadow),85.7,38,7,0,115.1,133.6,126,1936253,24.5,1494,25,287,182.0,5,8,3,50000
Donphan (Shadow),85.6,232,11,0,125.8,112.0,126,1776372,18.5,1500,95,276,26.0,5,4,3,50000
Hakamo-o,85.6,783,3,6,115.5,134.8,124,1931380,36.5,1493,23,71,34.0,4,5,5,75000
Raichu,85.6,26,4,0,133.6,110.6,113,1669771,25.5,1495,134,293,276.0,5,5,1,10000
Wigglytuff,85.6,40,13,5,115.8,75.5,220,1924765,29.0,1495,14,137,262.0,8,6,1,10000
Dunsparce,85.5,206,13,0,104.8,111.0,183,2127733,37.5,1496,114,79,216.0,4,4,3,50000
Medicham,85.5,308,6,15,106.9,139.5,141,2102958,49.0,1500,104,133,81.0,5,5,3,50000
Goodra,85.4,706,3,0,119.7,136.8,114,1866601,16.0,1497,21,13,270.0,12,14,5,75000
Dachsbun,85.3,927,5,0,113.1,156.9,111,1970234,27.0,1493,14,201,26.0,6,6,3,50000
Stunfisk (Galarian),85.3,618,11,17,101.8,127.9,169,2200089,26.5,1497,93,216,84.0,6,9,5,75000
Swalot,85.3,317,14,0,104.1,123.4,168,2158208,28.5,1500,93,244,131.0,5,7,1,10000
Talonflame,85.3,663,7,8,122.1,114.7,131,1834291,25.5,1499,77,101,31.0,3,3,1,10000
Froslass,85.2,478,12,9,122.6,115.6,128,1813850,27.5,1496,40,19,230.0,4,5,3,50000
Hippowdon (Shadow),85.2,450,11,0,116.2,116.8,141,1912627,18.0,1494,116,291,226.0,9,13,3,50000
Pachirisu,85.2,417,4,0,91.6,157.1,142,2043738,50.0,1372,137,270,273.0,3,4,5,75000
Toxicroak (Shadow),85.2,454,14,6,136.6,91.5,131,1636876,22.0,1498,99,81,230.0,5,7,3,50000
Wormadam (Trash),85.2,413,1,17,105.2,150.9,134,2126928,42.5,1500,8,41,139.0,20,17,1,10000
Zapdos (Shadow),85.1,145,4,8,137.3,102.6,116,1633088,15.5,1498,134,78,273.0,5,7,20,100000
Aurorus (Shadow),85.0,699,16,12,114.1,105.7,163,1966639,20.0,1498,102,289,156.0,5,8,5,75000
Lanturn,85.0,171,18,4,104.8,104.8,194,2131348,27.0,1496,139,260,273.0,15,19,3,50000
Lickilicky,85.0,463,13,0,106.3,121.1,164,2111832,23.0,1498,114,26,230.0,3,5,3,50000
Hippopotas,84.9,449,11,0,115.3,111.1,152,1946522,49.0,1498,116,218,60.0,13,13,3,50000
Lairon,84.9,305,17,16,114.5,142.8,120,1962204,28.0,1500,92,218,26.0,7,5,1,10000
Nidoqueen,84.9,31,14,11,117.8,116.5,139,1908186,22.0,1499,99,82,188.0,7,5,3,50000
Spiritomb,84.9,442,9,2,121.2,146.4,104,1845420,27.5,1498,129,218,230.0,8,8,5,75000
Gliscor (Shadow),84.8,472,11,8,115.7,143.9,116,1930695,21.0,1496,36,84,4.0,17,10,5,75000
Ninetales,84.8,38,7,0,115.1,133.6,126,1936253,24.5,1494,25,287,182.0,5,8,3,50000
Ninetales (Alolan) (Shadow),84.8,38,12,5,115.1,133.6,126,1936253,24.5,1498,102,289,58.0,5,7,3,50000
Regirock,84.8,377,16,0,103.7,180.2,115,2149641,18.0,1497,86,253,103.0,11,15,20,100000
Cradily (Shadow),84.6,346,16,10,106.3,139.0,143,2111521,26.0,1498,1,218,111.0,7,7,3,50000
Qwilfish,84.6,211,18,14,130.5,105.5,123,1693578,27.0,1490,99,13,131.0,4,7,3,50000
Thievul,84.5,828,2,0,121.7,123.1,123,1842937,26.5,1498,129,172,187.0,5,9,1,10000
Skeledirge,84.4,911,7,9,121.2,109.2,139,1839651,18.5,1496,77,275,230.0,3,3,3,10000
Electrode (Hisuian),84.3,101,4,10,123.3,130.1,113,1812571,26.0,1495,134,293,262.0,5,4,3,50000
Ninetales (Alolan),84.3,38,12,5,115.1,133.6,126,1936253,24.5,1498,102,289,58.0,5,7,3,50000
Barbaracle,84.2,689,16,18,120.4,133.1,115,1841752,20.5,1492,36,49,253.0,9,14,3,50000
Hippowdon,84.2,450,11,0,116.2,116.8,141,1912627,18.0,1494,116,291,226.0,9,13,3,50000
Lairon (Shadow),84.2,305,17,16,114.5,142.8,120,1962204,28.0,1500,92,218,26.0,7,5,1,10000
Gallade (Shadow),84.1,475,15,6,137.2,114.5,104,1633015,18.0,1498,104,47,143.0,5,4,5,75000
Sealeo,84.1,364,12,18,108.6,113.2,167,2053854,36.5,1497,102,260,26.0,6,5,3,50000
Serperior,84.1,497,10,0,110.2,143.6,128,2025814,25.0,1499,136,105,4.0,6,5,3,10000
Zapdos,84.0,145,4,8,136.2,104.7,115,1639560,15.5,1495,134,78,273.0,5,7,20,100000
Amoonguss,83.9,591,10,14,110.4,102.0,181,2038411,27.0,1500,4,111,104.0,5,4,3,50000
Klefki,83.8,707,17,5,119.0,134.2,118,1884790,29.5,1499,4,104,187.0,4,6,3,50000
Toxicroak,83.8,454,14,6,136.6,91.5,131,1636876,22.0,1498,99,81,230.0,5,7,3,50000
Bellossom (Shadow),83.7,182,10,0,115.7,132.9,126,1937741,24.5,1499,1,143,58.0,5,7,3,50000
Dewgong,83.7,87,18,12,102.9,133.8,158,2174933,29.0,1500,75,137,79.0,5,5,3,50000
Dragonair (Shadow),83.7,148,3,0,126.0,111.0,127,1775090,33.0,1497,21,295,13.0,15,12,5,75000
Farfetch'd (Galarian),83.7,83,6,0,137.9,97.8,120,1618657,36.5,1494,36,143,31.0,9,14,3,50000
Donphan,83.6,232,11,0,125.8,112.0,126,1776372,18.5,1500,95,276,26.0,5,4,3,50000
Dragonite (Shadow),83.6,149,3,8,135.8,108.4,111,1633580,14.5,1495,21,71,258.0,12,14,5,75000
Ursaring (Shadow),83.6,217,13,0,140.3,89.1,128,1600223,19.0,1499,119,262,47.0,5,6,3,50000
Aron,83.5,304,17,16,114.3,131.1,127,1902550,50.0,1478,92,218,26.0,7,5,1,10000
Dragonair,83.5,148,3,0,126.0,111.0,127,1775090,33.0,1497,21,13,295.0,12,15,5,75000
Nidoqueen (Shadow),83.5,31,14,11,117.8,116.5,139,1908186,22.0,1499,99,82,188.0,7,5,3,50000
Toxtricity,83.5,849,4,14,140.8,94.3,119,1579507,21.0,1497,1,293,194.0,6,5,5,75000
Froslass (Shadow),83.4,478,12,9,122.6,115.6,128,1813850,27.5,1496,40,19,230.0,4,5,3,50000
Magnezone,83.4,462,4,17,134.9,120.1,102,1652719,17.0,1496,137,293,161.0,3,3,3,50000
Walrein,83.4,365,12,18,113.1,114.3,153,1978119,20.5,1495,102,135,84.0,5,9,3,50000
Farfetch'd,83.3,83,13,8,116.8,109.2,131,1671469,50.0,1397,36,143,4.0,9,10,3,50000
Florges,83.3,671,5,0,120.1,142.1,109,1859855,17.0,1494,28,164,276.0,7,5,3,50000
Magcargo,83.3,219,7,16,110.2,157.9,116,2017737,36.5,1492,77,218,182.0,3,3,1,10000
Aron (Shadow),83.2,304,17,16,114.3,131.1,127,1902550,50.0,1478,92,218,26.0,7,5,1,10000
Bellossom,83.2,182,10,0,115.7,132.9,126,1937741,24.5,1499,1,143,58.0,5,7,3,50000
Walrein (Shadow),83.2,365,12,18,113.1,114.3,153,1978119,20.5,1495,102,135,84.0,5,9,3,50000
Mew,83.1,151,15,0,120.5,119.4,129,1855163,16.5,1498,119,293,205.0,6,5,20,100000
Sirfetch'd,83.1,865,6,0,145.9,107.4,98,1536689,18.5,1499,36,143,47.0,9,12,3,50000
Ledian,83.0,166,1,8,101.9,161.2,134,2201440,49.0,1500,8,81,4.0,15,14,1,10000
Typhlosion (Shadow),83.0,157,7,0,132.2,108.3,117,1674892,19.0,1488,77,21,270.0,3,2,3,10000
Electivire,82.9,466,4,0,144.0,98.0,110,1552610,18.0,1498,134,133,293.0,5,5,5,75000
Gengar (Shadow),82.9,94,9,14,156.6,94.3,97,1433181,19.0,1500,119,235,245.0,5,7,3,50000
Kommo-o,82.9,784,3,6,123.7,138.4,105,1797551,16.5,1497,23,45,71.0,5,4,5,75000
Skarmory,82.8,227,17,8,106.2,163.1,122,2113576,27.0,1499,126,31,242.0,10,10,5,75000
Dragonite,82.7,149,3,8,135.8,108.4,111,1633580,14.5,1495,21,71,258.0,12,14,5,75000
Castform (Sunny),82.5,351,7,0,113.4,119.6,146,1979669,38.5,1499,25,287,248.0,5,12,5,75000
Genesect,82.5,649,1,17,141.1,111.7,100,1575465,16.0,1498,36,296,265.0,10,14,20,100000
Zweilous,82.5,634,2,3,121.0,109.2,140,1849588,31.0,1496,21,55,26.0,17,12,5,75000
Arctibax,82.4,997,3,12,123.1,97.7,151,1815086,26.5,1499,21,19,71.0,15,12,5,75000
Amoonguss (Shadow),82.3,591,10,14,110.4,102.0,181,2038411,27.0,1500,4,111,104.0,5,4,3,50000
Charjabug,82.3,737,1,4,116.1,132.4,126,1936447,38.0,1500,137,296,62.0,3,3,1,10000
Mightyena (Shadow),82.3,262,2,0,125.9,104.3,134,1759749,29.0,1491,129,52,188.0,7,6,1,10000
Qwilfish (Hisuian),82.3,211,2,14,129.5,111.3,120,1729959,25.5,1497,99,13,230.0,4,7,3,50000
Scyther (Shadow),82.3,123,1,8,134.9,110.7,111,1657053,20.5,1496,36,4,172.0,10,9,5,75000
Urshifu (Single Strike),82.3,892,6,2,136.6,97.8,121,1616195,15.0,1489,129,34,81.0,6,7,20,100000
Abomasnow (Shadow),82.2,460,10,12,117.9,111.4,143,1877258,23.5,1491,102,289,86.0,5,7,3,50000
Chesnaught,82.2,652,10,6,119.9,124.6,125,1868328,19.0,1498,136,105,258.0,6,5,3,10000
Gogoat,82.2,673,10,0,119.2,95.0,165,1867240,19.5,1492,136,143,34.0,5,5,3,50000
Ursaring,82.2,217,13,0,140.3,89.1,128,1600223,19.0,1499,119,262,47.0,5,6,3,50000
Crustle (Shadow),82.1,558,1,16,120.9,134.1,114,1848465,22.0,1499,36,296,216.0,10,12,1,10000
Sandslash (Shadow),82.1,28,11,0,120.5,121.1,126,1837863,23.5,1493,116,218,172.0,13,9,3,50000
Venusaur,82.1,3,10,14,122.5,121.9,122,1820851,20.0,1496,136,105,245.0,6,7,3,10000
Golett (Shadow),82.0,622,11,9,119.3,89.9,141,1512725,50.0,1344,95,235,34.0,4,4,5,75000
Gourgeist (Super),82.0,711,9,10,115.8,128.8,130,1939976,21.5,1499,40,230,227.0,5,4,5,75000
Marshtomp,82.0,259,18,11,120.3,108.9,142,1860776,35.0,1498,93,166,260.0,5,6,3,10000
Meganium,82.0,154,10,0,111.5,138.4,130,2005358,23.0,1499,136,105,84.0,6,9,3,10000
Tentacruel (Shadow),82.0,73,18,14,110.1,139.9,132,2032660,23.5,1496,1,224,246.0,7,9,3,50000
Umbreon,82.0,197,2,0,90.2,177.0,155,2475791,27.0,1497,123,55,141.0,4,5,5,75000
Glalie,81.9,362,12,0,115.2,120.1,140,1937229,27.0,1498,114,19,230.0,4,5,3,50000
Piloswine,81.9,221,12,11,121.1,98.2,155,1842165,24.0,1497,102,135,118.0,5,8,3,50000
Crustle,81.8,558,1,16,120.9,134.1,114,1848465,22.0,1499,36,296,216.0,10,12,1,10000
Salazzle,81.8,758,14,7,146.6,90.9,114,1518532,22.0,1492,77,188,74.0,2,3,3,50000
Glalie (Shadow),81.7,362,12,0,115.2,120.1,140,1937229,27.0,1498,114,19,230.0,4,5,3,50000
Machoke,81.7,67,6,0,127.7,97.2,141,1750103,27.0,1498,81,49,213.0,4,8,3,50000
Miltank,81.7,241,13,0,105.4,135.5,148,2112476,24.0,1494,114,26,273.0,3,5,5,75000
Altaria,81.6,334,3,8,103.4,153.3,136,2156405,28.5,1498,21,242,164.0,19,20,1,10000
Castform (Rainy),81.6,351,18,0,113.4,119.6,146,1979669,38.5,1499,139,292,267.0,12,20,5,75000
Giratina (Origin),81.6,487,9,3,119.5,103.5,152,1879872,15.0,1499,119,176,230.0,6,7,20,100000
Piloswine (Shadow),81.6,221,12,11,121.1,98.2,155,1842165,24.0,1497,102,135,118.0,5,8,3,50000
Serperior (Shadow),81.6,497,10,0,110.2,143.6,128,2025814,25.0,1499,136,105,4.0,6,5,3,10000
Spinda,81.6,327,13,0,110.1,110.1,142,1720678,50.0,1380,129,218,137.0,8,7,3,50000
Gallade,81.5,475,15,6,137.2,114.5,104,1633015,18.0,1498,104,47,143.0,5,4,5,75000
Regirock (Shadow),81.5,377,16,0,105.4,182.5,111,2135412,18.0,1500,86,253,103.0,11,15,20,100000
Sandslash,81.5,28,11,0,120.5,121.1,126,1837863,23.5,1493,116,218,172.0,13,9,3,50000
Wailmer (Shadow),81.5,320,18,0,117.4,68.3,239,1916533,48.5,1500,114,224,26.0,4,3,1,10000
Cofagrigus,81.4,563,9,0,112.2,168.3,106,2002086,25.0,1500,119,230,55.0,7,7,3,50000
Tropius,81.4,357,10,8,101.4,127.3,170,2195741,29.0,1494,3,143,4.0,4,5,5,75000
Charizard (Shadow),81.3,6,7,8,132.2,108.3,117,1674892,19.0,1488,25,21,71.0,8,5,3,10000
Magneton (Shadow),81.3,82,4,17,144.7,112.8,95,1550755,22.0,1500,134,62,153.0,5,5,3,50000
Raichu (Alolan),81.3,26,4,15,136.2,111.7,108,1643875,24.5,1499,134,293,276.0,5,5,1,10000
Dragapult,81.2,887,3,9,143.6,97.3,112,1564692,15.5,1499,4,32,230.0,4,6,5,75000
Mightyena,81.2,262,2,0,125.9,104.3,134,1759749,29.0,1491,129,52,188.0,7,6,1,10000
Beedrill (Shadow),81.1,15,1,14,127.6,106.2,129,1749201,31.0,1494,99,296,79.0,5,5,1,10000
Cetoddle,81.1,974,12,0,112.6,79.8,213,1914594,50.0,1469,102,19,26.0,6,5,3,50000
Marshtomp (Shadow),81.1,259,18,11,121.2,109.9,139,1851275,33.5,1499,93,166,260.0,5,6,3,10000
Nidorina,81.1,30,14,0,110.9,113.4,157,1975496,50.0,1480,99,188,273.0,5,7,3,50000
Oranguru,81.1,765,13,15,110.9,131.2,139,2021720,22.5,1499,15,38,276.0,3,4,3,75000
Wailmer,81.1,320,18,0,117.4,68.3,239,1916533,48.5,1500,114,224,26.0,4,3,1,10000
Whimsicott,81.1,547,10,5,118.4,133.1,119,1875239,27.5,1490,28,227,164.0,5,7,1,10000
Ferrothorn,81.0,598,10,17,107.3,155.1,125,2080828,24.0,1498,11,192,267.0,4,5,3,75000
Gourgeist (Large),81.0,711,9,10,116.6,136.9,121,1930877,22.5,1500,40,230,227.0,5,4,5,75000
Hippopotas (Shadow),81.0,449,11,0,115.3,111.1,152,1946522,49.0,1498,116,218,60.0,13,13,3,50000
Mantine,81.0,226,18,8,106.2,163.1,122,2113576,27.0,1499,143,4,131.0,6,8,5,75000
Suicune,81.0,245,18,0,107.4,141.9,137,2089025,18.5,1499,74,40,224.0,7,9,20,100000
Cresselia,80.9,488,15,0,93.2,158.3,163,2404853,20.0,1497,104,111,164.0,6,7,20,100000
Ledian (Shadow),80.9,166,1,8,101.9,161.2,134,2201440,49.0,1500,8,81,4.0,15,14,1,10000
Trevenant,80.9,709,9,10,127.8,104.6,131,1752077,22.0,1499,119,227,230.0,6,7,5,75000
Aggron,80.8,306,17,16,116.1,154.0,107,1912293,18.5,1492,92,218,267.0,7,8,1,10000
Drifloon (Shadow),80.8,425,9,8,110.9,79.8,186,1646946,50.0,1353,40,137,230.0,4,5,5,75000
Magmar (Shadow),80.8,126,7,0,136.6,107.5,112,1645117,23.5,1499,81,92,226.0,5,6,5,75000
Pumpkaboo (Super),80.8,710,9,10,111.8,113.4,141,1787612,50.0,1414,4,111,104.0,5,4,5,75000
Relicanth,80.8,369,18,16,105.2,137.5,147,2126096,22.5,1498,139,13,9.0,12,15,5,75000
Wailord,80.8,321,18,0,119.6,66.8,235,1876670,25.0,1500,114,260,213.0,4,6,1,10000
Gengar,80.7,94,9,14,156.6,94.3,97,1433181,19.0,1500,119,235,245.0,5,7,3,50000
Lileep,80.7,345,16,10,100.8,138.6,151,2111110,50.0,1460,1,9,111.0,6,7,3,50000
Raikou (Shadow),80.7,243,4,0,133.1,110.4,115,1690107,15.5,1500,134,293,230.0,5,7,20,100000
Amaura (Shadow),80.6,698,16,12,114.3,104.2,164,1952869,50.0,1497,102,289,273.0,5,7,5,75000
Bombirdier,80.6,962,8,2,128.0,115.3,118,1741817,22.5,1496,129,101,218.0,7,8,5,75000
Fletchinder,80.6,662,7,8,123.0,103.2,142,1801392,47.0,1492,25,101,4.0,7,6,1,10000
Gourgeist (Average),80.6,711,9,10,116.6,147.0,112,1919131,23.5,1500,40,230,227.0,5,4,5,75000
Greedent,80.6,820,13,0,107.5,110.7,175,2083197,23.5,1498,93,26,276.0,5,6,1,10000
Overqwil,80.6,904,2,14,131.6,106.6,121,1696708,19.0,1498,97,13,230.0,5,8,5,75000
Tauros (Aqua),80.6,128,6,18,127.8,123.1,111,1746363,20.0,1494,20,11,276.0,4,4,3,50000
Wartortle,80.6,8,18,0,107.9,137.8,139,2067932,48.0,1496,139,11,131.0,14,19,3,10000
Abomasnow,80.5,460,10,12,117.9,111.4,143,1877258,23.5,1491,102,137,86.0,6,7,3,50000
Castform,80.5,351,13,0,113.4,119.6,146,1979669,38.5,1499,40,291,86.0,3,5,5,75000
Cetitan,80.5,975,12,0,120.7,75.9,203,1861103,18.0,1500,102,19,26.0,6,5,3,50000
Gyarados (Shadow),80.5,130,18,8,130.8,108.0,121,1708726,16.5,1498,21,13,52.0,12,15,1,10000
Palkia (Shadow),80.5,484,18,3,142.3,112.9,98,1574925,13.5,1498,21,13,67.0,12,22,20,100000
Pawniard,80.5,624,2,17,132.0,107.8,118,1678084,49.0,1492,36,172,296.0,9,10,5,75000
Typhlosion,80.5,157,7,0,132.2,108.3,117,1674892,19.0,1488,77,21,270.0,3,2,3,10000
Lokix,80.4,920,1,2,132.9,104.1,121,1672678,24.0,1491,129,296,276.0,6,7,1,50000
Nidorina (Shadow),80.4,30,14,0,110.9,113.4,157,1975496,50.0,1480,99,188,60.0,5,6,3,50000
Roserade,80.4,407,10,14,143.1,114.9,95,1561844,18.5,1497,99,287,144.0,4,7,3,50000
Samurott (Hisuian),80.4,503,18,2,133.2,95.6,132,1680851,20.0,1496,36,55,137.0,13,12,3,10000
Decidueye,80.3,724,10,9,127.8,115.3,118,1739336,20.0,1492,4,105,250.0,5,4,3,10000
Haunter,80.3,93,9,14,161.2,85.5,100,1378532,28.0,1493,119,235,133.0,5,5,3,50000
Leavanny,80.3,542,1,10,131.0,109.0,120,1713215,22.0,1499,119,143,296.0,5,5,1,10000
Kingambit,80.2,983,2,17,126.8,112.8,123,1758613,15.0,1493,92,104,139.0,5,7,5,75000
Perrserker,80.2,863,17,0,128.9,114.6,117,1728225,23.5,1493,119,47,276.0,6,6,3,50000
Venusaur (Shadow),80.2,3,10,14,122.5,121.9,122,1820851,20.0,1496,136,105,245.0,6,7,3,10000
Skuntank,80.1,435,14,2,121.7,95.2,157,1819546,23.5,1490,97,52,276.0,7,7,3,50000
Beedrill,80.0,15,1,14,127.6,106.2,129,1749201,31.0,1494,99,296,79.0,5,5,1,10000
Dugtrio (Alolan) (Shadow),80.0,51,11,17,148.9,111.5,90,1494460,29.0,1497,95,166,139.0,4,5,3,50000
Empoleon,80.0,395,18,17,125.8,115.9,122,1777988,19.0,1500,91,125,78.0,6,6,3,10000
Galvantula (Shadow),80.0,596,1,4,139.0,93.8,124,1615746,25.5,1499,36,62,148.0,10,12,3,50000
Rhyperior (Shadow),80.0,464,11,16,126.8,105.5,132,1766090,15.0,1498,95,32,220.0,4,5,3,50000
Amaura,79.9,698,16,12,114.3,104.2,164,1952869,50.0,1497,102,289,273.0,5,7,5,75000
Ariados,79.9,168,1,14,124.7,102.0,141,1793573,34.0,1497,99,148,276.0,5,5,1,10000
Empoleon (Shadow),79.9,395,18,17,125.8,115.9,122,1777988,19.0,1500,91,125,78.0,6,6,3,10000
Hariyama,79.9,297,6,0,125.6,75.5,186,1764581,19.5,1492,32,282,117.0,4,5,3,50000
Hariyama (Shadow),79.9,297,6,0,125.6,75.5,186,1764581,19.5,1492,32,282,117.0,4,5,3,50000
Hydreigon,79.9,635,2,3,136.6,103.5,116,1639587,15.0,1499,21,38,99.0,12,24,5,75000
Poliwrath,79.9,62,18,6,116.5,119.7,138,1924689,22.0,1500,16,224,137.0,9,8,3,50000
Flygon (Shadow),79.8,330,11,3,129.2,109.6,123,1740871,21.0,1499,23,71,226.0,4,6,5,75000
Kricketune,79.8,402,1,0,127.7,88.0,155,1742826,38.0,1492,36,296,4.0,10,10,1,10000
Venomoth,79.8,49,1,14,128.2,104.4,131,1752985,27.5,1499,105,188,41.0,10,15,3,50000
Venomoth (Shadow),79.8,49,1,14,128.2,104.4,131,1752985,27.5,1499,105,188,41.0,10,15,3,50000
Drampa,79.7,780,13,3,136.8,104.2,114,1625878,19.0,1492,21,262,101.0,12,15,5,75000
Gourgeist (Small),79.7,711,9,10,117.0,153.4,106,1903085,24.5,1495,40,230,227.0,5,4,5,75000
Registeel (Shadow),79.7,379,17,0,96.1,187.1,130,2337024,23.0,1498,86,103,297.0,15,16,20,100000
Scrafty,79.7,560,2,6,110.4,155.4,117,2007526,24.5,1489,16,104,270.0,7,7,3,50000
Starmie,79.7,121,18,15,132.2,121.8,104,1675198,21.0,1488,105,260,191.0,12,13,3,50000
Grimer (Alolan),79.6,88,14,2,123.6,86.0,171,1818779,49.0,1500,1,52,245.0,6,7,3,50000
Gyarados,79.6,130,18,8,130.8,108.0,121,1708726,16.5,1498,21,13,52.0,12,15,1,10000
Avalugg,79.5,713,12,0,112.9,142.5,124,1994682,17.5,1500,74,19,26.0,8,6,3,50000
Grimer (Shadow),79.5,88,14,0,123.6,86.0,171,1818779,49.0,1500,97,244,166.0,6,6,3,50000
Lileep (Shadow),79.5,345,16,10,100.8,138.6,151,2111110,50.0,1460,1,9,111.0,6,7,3,50000
Skarmory (Shadow),79.5,227,17,8,106.2,163.1,122,2113576,27.0,1499,126,31,242.0,10,10,5,75000
Ferrothorn (Shadow),79.4,598,10,17,107.3,155.1,125,2080828,24.0,1498,11,192,267.0,4,5,3,75000
Raikou,79.4,243,4,0,130.9,110.1,118,1700490,16.0,1492,134,293,230.0,5,7,20,100000
Scyther,79.4,123,1,8,134.9,110.7,111,1657053,20.5,1496,36,4,172.0,10,9,5,75000
Drifloon,79.3,425,9,8,110.9,79.8,186,1646946,50.0,1353,40,137,230.0,4,5,5,75000
Galvantula,79.3,596,1,4,139.0,93.8,124,1615746,25.5,1499,36,62,148.0,10,12,3,50000
Litleo,79.3,667,7,13,121.1,106.1,143,1837354,49.0,1495,77,95,52.0,3,3,3,10000
Servine,79.3,496,10,0,107.2,137.4,142,2092314,49.5,1500,136,111,295.0,7,6,3,10000
Castform (Snowy),79.2,351,12,0,113.4,119.6,146,1979669,38.5,1499,102,289,24.0,5,10,5,75000
Magnezone (Shadow),79.2,462,4,17,134.9,120.1,102,1652719,17.0,1496,137,293,161.0,3,3,3,50000
Pelipper,79.2,279,18,8,123.3,128.7,114,1809463,26.0,1496,143,292,123.0,5,10,3,50000
Sneasler (Shadow),79.2,903,6,14,146.0,95.3,110,1529893,17.0,1495,119,47,4.0,6,5,5,75000
Dugtrio (Alolan),79.1,51,11,17,148.9,111.5,90,1494460,29.0,1497,95,166,139.0,4,5,3,50000
Magneton,79.1,82,4,17,144.7,112.8,95,1550755,22.0,1500,134,62,153.0,5,5,3,50000
Armaldo (Shadow),79.0,348,16,1,133.3,110.9,113,1670643,19.5,1497,36,215,146.0,10,12,3,50000
Bibarel (Shadow),79.0,400,13,18,124.2,97.7,149,1807978,30.5,1499,114,260,130.0,4,4,1,10000
Flygon,79.0,330,11,3,129.2,109.6,123,1740871,21.0,1499,23,226,71.0,6,4,5,75000
Pawmot,79.0,923,4,6,144.5,94.3,113,1538995,21.0,1492,134,34,293.0,5,5,3,75000
Turtonator,79.0,776,7,3,114.2,153.0,112,1956666,25.0,1496,77,74,182.0,3,3,5,75000
Golett,78.9,622,11,9,119.3,89.9,141,1512725,50.0,1344,95,235,34.0,4,4,5,75000
Arcanine (Shadow),78.8,59,7,0,132.7,104.0,122,1683972,18.5,1497,30,293,201.0,8,6,3,50000
Frillish,78.8,592,18,9,109.2,125.2,135,1846427,50.0,1421,40,171,131.0,4,5,3,50000
Furfrou,78.8,676,13,0,116.6,122.9,134,1919933,27.0,1500,129,260,111.0,7,8,5,75000
Grimer,78.8,88,14,0,121.5,88.0,171,1827419,49.5,1493,97,244,166.0,6,6,3,50000
Hawlucha,78.8,701,6,8,128.9,108.8,124,1738490,23.5,1498,97,102,4.0,6,6,5,75000
Meganium (Shadow),78.8,154,10,0,111.5,138.4,130,2005358,23.0,1499,136,105,84.0,6,9,3,10000
Pidgeot,78.8,18,13,8,117.2,113.8,143,1905836,26.0,1494,38,7,31.0,3,5,1,10000
Oinkologne (Female),78.7,916,13,0,110.9,110.3,166,2029519,22.5,1500,130,26,276.0,12,15,1,10000
Dubwool,78.6,832,13,0,111.0,141.7,128,2013564,26.0,1499,20,26,184.0,3,5,3,10000
Pumpkaboo (Large),78.6,710,9,10,113.4,115.1,133,1736900,50.0,1406,4,111,104.0,5,4,5,75000
Raticate (Alolan),78.6,20,2,13,107.5,130.7,148,2078413,37.0,1496,106,52,213.0,6,9,1,10000
Regice,78.6,378,12,0,103.7,180.2,115,2149641,18.0,1497,86,24,267.0,15,12,20,100000
Arcanine,78.5,59,7,0,132.7,104.0,122,1683972,18.5,1497,30,293,201.0,8,6,3,50000
Bewear,78.5,760,13,6,130.4,85.6,154,1717970,18.0,1497,119,258,251.0,5,5,1,10000
Sneasler,78.5,903,6,14,146.0,95.3,110,1529893,17.0,1495,119,47,4.0,6,5,5,75000
Charizard,78.4,6,7,8,132.2,108.3,117,1674892,19.0,1488,25,21,71.0,8,5,3,10000
Machop,78.4,66,6,0,127.7,81.5,157,1634495,50.0,1445,81,49,213.0,4,8,3,50000
Machop (Shadow),78.4,66,6,0,127.7,81.5,157,1634495,50.0,1445,81,49,34.0,4,5,3,50000
Magmortar (Shadow),78.4,467,7,0,141.4,103.4,108,1578615,17.5,1500,81,92,273.0,5,7,5,75000
Rhydon (Shadow),78.4,112,11,16,126.7,102.4,136,1765046,17.0,1498,95,32,253.0,4,6,3,50000
Skuntank (Shadow),78.4,435,14,2,121.7,95.2,157,1819546,23.5,1490,97,52,276.0,7,7,3,50000
Wartortle (Shadow),78.4,8,18,0,107.9,137.8,139,2067932,48.0,1496,139,11,131.0,14,19,3,10000
Cresselia (Shadow),78.3,488,15,0,93.2,159.3,161,2389933,19.5,1492,104,111,164.0,6,7,20,100000
Ampharos (Shadow),78.1,181,4,0,127.4,106.8,129,1754935,19.5,1499,137,38,276.0,3,3,5,75000
Granbull (Shadow),78.0,210,5,0,135.3,87.7,139,1650182,22.0,1494,14,47,52.0,8,8,3,50000
Lucario,78.0,448,6,17,145.8,95.6,110,1532231,20.5,1494,32,270,230.0,4,6,5,75000
Pawmo,78.0,922,4,6,136.1,81.5,142,1575592,50.0,1468,134,293,270.0,5,5,3,75000
Zangoose,78.0,335,13,0,144.8,87.1,122,1539050,23.0,1494,36,47,172.0,12,9,3,50000
Mantyke,77.9,458,18,8,100.8,163.0,120,1972572,50.0,1411,7,4,285.0,4,5,5,10000
Poliwrath (Shadow),77.9,62,18,6,116.5,119.7,138,1924689,22.0,1500,16,224,137.0,9,8,3,50000
Rapidash (Galarian),77.9,78,15,5,134.7,110.9,111,1658326,22.0,1498,28,26,293.0,4,5,3,50000
Sylveon,77.9,700,5,0,118.9,121.2,131,1888899,18.5,1498,14,205,164.0,7,10,5,75000
Tapu Fini,77.9,788,18,5,115.3,155.3,108,1934126,20.0,1498,139,260,169.0,15,17,20,100000
Ampharos,77.8,181,4,0,127.4,106.8,129,1754935,19.5,1499,137,38,276.0,3,3,5,75000
Aromatisse,77.8,683,5,0,116.5,108.0,153,1924550,24.0,1497,14,164,273.0,10,10,3,50000
Rapidash,77.8,78,7,0,134.7,110.9,111,1658326,22.0,1498,77,95,293.0,3,3,3,50000
Rhyperior,77.8,464,11,16,126.8,105.5,132,1766090,15.0,1498,95,32,220.0,4,5,3,50000
Snorlax (Shadow),77.8,143,13,0,108.4,101.7,187,2061936,17.5,1498,84,26,258.0,12,14,5,75000
Tyrunt (Shadow),77.7,696,16,3,127.6,106.3,129,1749486,39.5,1499,23,71,9.0,4,5,5,75000
Grafaiai,77.6,945,14,13,134.9,106.5,115,1651372,24.5,1497,95,188,245.0,4,5,3,50000
Heatran (Shadow),77.6,485,7,17,131.8,116.0,111,1696227,14.5,1497,31,151,253.0,4,6,20,100000
Pinsir (Shadow),77.6,127,1,0,141.3,111.5,101,1591266,18.5,1500,36,47,296.0,12,10,5,75000
Politoed,77.5,186,18,0,114.7,121.7,140,1954251,23.0,1498,93,292,84.0,5,9,3,50000
Golem (Alolan) (Shadow),77.4,76,16,4,125.2,121.7,117,1782513,19.0,1497,114,293,215.0,4,4,1,10000
Mawile,77.4,303,17,5,125.9,121.2,117,1784529,38.5,1500,28,139,187.0,6,7,5,75000
Pidgeot (Shadow),77.3,18,13,8,117.2,113.8,143,1905836,26.0,1494,38,31,7.0,5,3,1,10000
Typhlosion (Hisuian),77.3,157,7,9,139.6,105.1,109,1600179,18.5,1499,25,92,293.0,6,7,3,10000
Wailord (Shadow),77.3,321,18,0,119.6,66.8,235,1876670,25.0,1500,114,260,128.0,4,7,1,10000
Haunter (Shadow),77.2,93,9,14,161.2,85.5,100,1378532,28.0,1493,119,133,230.0,5,7,3,50000
Kangaskhan,77.2,115,13,0,115.9,112.8,148,1934823,22.0,1500,95,251,52.0,4,5,3,50000
Politoed (Shadow),77.2,186,18,0,114.7,121.7,140,1954251,23.0,1498,93,292,84.0,5,9,3,50000
Sceptile,77.2,254,10,0,136.9,108.5,110,1633945,19.5,1497,36,105,32.0,12,9,3,10000
Vaporeon,77.2,134,18,0,119.0,97.2,163,1886587,17.5,1499,139,13,141.0,12,19,5,75000
Escavalier,77.1,589,1,17,133.9,116.8,107,1673454,19.5,1499,8,79,211.0,15,12,3,50000
Bibarel,77.0,400,13,18,124.2,97.7,149,1807978,30.5,1499,114,260,130.0,4,4,1,10000
Kleavor,77.0,900,1,16,144.2,105.1,102,1545034,17.5,1498,36,296,253.0,10,14,5,75000
Magmar,77.0,126,7,0,136.6,107.5,112,1645117,23.5,1499,81,92,226.0,5,6,5,75000
Munchlax,76.9,446,13,0,104.0,95.2,218,2158275,31.0,1499,130,26,43.0,12,15,5,10000
Centiskorch,76.8,851,7,1,129.3,98.3,136,1727437,18.5,1495,25,148,52.0,7,7,5,75000
Dugtrio (Shadow),76.8,51,11,0,136.4,120.5,99,1627049,41.5,1495,95,166,253.0,4,6,3,50000
Golem (Alolan),76.8,76,16,4,125.2,121.7,117,1782513,19.0,1497,114,293,215.0,4,4,1,10000
Magnemite (Shadow),76.8,81,4,17,148.7,113.4,89,1501640,50.0,1495,137,153,62.0,3,3,3,50000
Muk (Shadow),76.8,89,14,0,117.3,111.3,146,1906470,20.5,1497,97,270,55.0,6,8,3,50000
Pinsir,76.8,127,1,0,141.3,111.5,101,1591266,18.5,1500,36,47,296.0,12,10,5,75000
Armaldo,76.7,348,16,1,133.3,110.9,113,1670643,19.5,1497,36,215,146.0,10,12,3,50000
Celesteela,76.7,797,17,8,119.6,119.0,131,1864503,18.0,1495,3,26,139.0,4,6,20,100000
Excadrill (Shadow),76.7,530,11,17,142.7,78.8,139,1561805,17.0,1494,95,79,216.0,5,5,3,50000
Crocalor,76.6,910,7,0,119.8,106.3,146,1858803,28.5,1496,77,52,97.0,3,3,3,10000
Mamoswine,76.6,473,12,11,136.2,87.4,137,1630185,16.5,1491,102,135,118.0,5,8,3,50000
Noctowl,76.6,164,13,8,105.3,120.2,167,2113724,28.0,1494,143,242,171.0,8,7,1,10000
Druddigon,76.5,621,3,0,131.4,110.5,117,1699459,20.0,1498,23,71,172.0,4,4,5,75000
Electabuzz (Shadow),76.5,125,4,0,132.8,111.4,114,1685681,23.5,1500,134,270,273.0,5,7,5,75000
Mamoswine (Shadow),76.5,473,12,11,136.2,87.4,137,1630185,16.5,1491,102,135,118.0,5,8,3,50000
Spritzee,76.5,682,5,0,105.0,107.6,168,1898008,50.0,1415,14,273,77.0,10,10,3,50000
Suicune (Shadow),76.5,245,18,0,106.9,143.1,136,2079389,18.5,1491,74,40,224.0,7,9,20,100000
Golem (Shadow),76.4,76,16,11,125.2,121.7,117,1782513,19.0,1497,95,253,215.0,6,4,1,10000
Heliolisk,76.4,695,4,13,137.1,112.0,105,1612926,21.0,1493,137,32,183.0,3,3,3,50000
Sceptile (Shadow),76.4,254,10,0,136.9,108.5,110,1633945,19.5,1497,36,105,32.0,12,9,3,10000
Servine (Shadow),76.4,496,10,0,107.2,137.4,142,2092314,49.5,1500,136,111,295.0,7,6,3,10000
Staravia,76.4,397,13,8,131.9,91.6,135,1631281,50.0,1468,106,31,101.0,7,6,1,10000
Dugtrio,76.3,51,11,0,136.4,120.5,99,1627049,41.5,1495,95,166,253.0,4,6,3,50000
Magmortar,76.3,467,7,0,141.4,103.4,108,1578615,17.5,1500,81,92,273.0,5,7,5,75000
Mawile (Shadow),76.3,303,17,5,125.9,121.2,117,1784529,38.5,1500,28,139,187.0,6,7,5,75000
Pumpkaboo (Average),76.3,710,9,10,114.3,116.0,126,1669772,50.0,1381,4,111,104.0,5,4,5,75000
Snorlax,76.3,143,13,0,108.4,101.7,187,2061936,17.5,1498,84,26,258.0,12,14,5,75000
Avalugg (Hisuian),76.2,713,12,16,117.0,134.7,121,1906728,16.0,1498,102,216,137.0,6,6,3,50000
Escavalier (Shadow),76.2,589,1,17,133.9,116.8,107,1673454,19.5,1499,8,79,211.0,15,12,3,50000
Klang,76.2,600,17,0,114.1,137.0,125,1954283,31.5,1494,92,273,284.0,7,5,5,75000
Muk,76.2,89,14,0,117.3,111.3,146,1906470,20.5,1497,97,270,55.0,6,8,3,50000
Passimian,76.2,766,6,0,129.9,100.5,132,1723475,18.5,1496,16,38,34.0,6,7,3,75000
Rhydon,76.1,112,11,16,126.7,102.4,136,1765046,17.0,1498,95,32,253.0,4,6,3,50000
Slowking (Galarian),76.1,199,14,15,117.9,115.5,139,1893827,20.5,1498,1,260,230.0,6,7,3,50000
Obstagoon (Shadow),76.0,862,2,13,112.6,126.7,138,1969669,21.0,1494,16,49,172.0,6,6,3,10000
Parasect,76.0,47,1,10,124.2,118.3,122,1792012,30.5,1495,36,296,51.0,10,9,3,50000
Excadrill,75.9,530,11,17,142.7,78.8,139,1561805,17.0,1494,95,79,216.0,5,5,3,50000
Magnemite,75.9,81,4,17,148.7,113.4,89,1501640,50.0,1495,137,153,62.0,3,3,3,50000
Primarina,75.9,730,18,5,131.9,116.8,110,1694382,17.5,1499,14,61,125.0,8,7,3,10000
Tauros (Combat),75.9,128,6,0,127.8,123.1,111,1746363,20.0,1494,20,47,276.0,4,4,3,50000
Aipom (Shadow),75.8,190,13,0,126.1,105.2,134,1778842,49.0,1500,4,262,4.0,4,4,3,50000
Fraxure,75.8,611,3,0,145.5,89.3,119,1545235,24.5,1499,23,71,13.0,4,4,5,75000
Heatran,75.8,485,7,17,131.9,116.4,110,1689500,15.0,1494,31,151,253.0,4,6,20,100000
Kecleon,75.8,352,13,0,115.6,142.2,117,1923248,27.5,1495,129,4,131.0,6,8,5,75000
Mienshao,75.8,620,6,0,156.5,84.8,106,1407427,20.0,1486,32,34,38.0,4,4,3,50000
Obstagoon,75.8,862,2,13,112.6,126.7,138,1969669,21.0,1494,16,172,49.0,6,6,3,10000
Seaking,75.8,119,18,0,123.1,105.9,140,1825075,26.5,1500,97,79,137.0,7,7,3,50000
Tyrunt,75.8,696,16,3,127.6,106.3,129,1749486,39.5,1499,23,71,9.0,4,5,5,75000
Aggron (Shadow),75.7,306,17,16,116.1,154.0,107,1912293,18.5,1492,92,218,267.0,7,8,1,10000
Articuno (Galarian),75.7,144,15,8,134.1,108.3,115,1671021,15.5,1498,104,101,31.0,5,7,20,100000
Palossand,75.7,770,9,11,116.6,120.4,136,1909914,23.0,1494,4,226,230.0,5,6,3,50000
Sandshrew (Alolan),75.7,27,12,17,117.6,121.0,127,1807853,50.0,1462,102,172,24.0,5,10,3,50000
Scolipede (Shadow),75.7,545,1,14,132.6,121.1,105,1686037,23.0,1495,99,296,154.0,5,7,1,10000
Thundurus (Incarnate),75.7,642,4,8,147.6,97.1,106,1519654,16.5,1500,134,270,52.0,5,5,20,100000
Togekiss,75.7,468,5,8,124.8,125.3,114,1783452,16.5,1495,14,205,15.0,7,10,3,50000
Vullaby,75.7,629,2,8,100.8,129.4,157,2048662,50.0,1437,3,31,104.0,7,5,5,75000
Staravia (Shadow),75.6,397,13,8,131.9,91.6,135,1631281,50.0,1468,106,31,101.0,7,6,1,10000
Deoxys (Defense),75.5,386,15,0,101.0,221.5,98,2192628,23.5,1491,16,204,273.0,6,10,20,100000
Zygarde (50% Forme),75.5,718,3,11,114.1,128.3,133,1947950,15.5,1494,23,52,84.0,5,8,20,100000
Golbat,75.4,42,14,8,118.7,113.7,140,1888899,29.0,1498,143,188,230.0,6,8,1,10000
Shiftry (Shadow),75.4,275,10,2,134.2,87.7,142,1670632,24.0,1497,123,143,104.0,3,4,3,50000
Gardevoir (Shadow),75.3,282,15,5,137.2,114.5,104,1633015,18.0,1498,14,279,230.0,8,10,5,75000
Staraptor,75.3,398,13,8,140.4,90.8,124,1581461,19.5,1492,106,101,47.0,6,6,1,10000
Sandshrew,75.2,27,11,0,118.5,113.4,127,1706968,50.0,1426,116,218,60.0,13,13,3,50000
Dhelmise,75.1,781,9,10,139.8,109.3,105,1604674,20.0,1498,119,192,295.0,7,6,5,50000
Golbat (Shadow),75.1,42,14,8,118.7,113.7,140,1888899,29.0,1498,143,188,230.0,6,8,1,10000
Raticate (Alolan) (Shadow),75.1,20,2,13,107.5,130.7,148,2078413,37.0,1496,106,52,128.0,6,10,1,10000
Braixen,75.0,654,7,0,130.4,106.7,123,1710666,31.5,1497,25,205,95.0,6,8,3,10000
Gholdengo,75.0,1000,17,9,135.7,106.2,114,1643435,15.5,1494,40,230,191.0,5,4,5,10000
Conkeldurr (Shadow),74.9,534,6,0,134.6,93.3,132,1657948,16.5,1495,16,81,38.0,8,6,5,75000
Girafarig,74.9,203,13,15,129.1,102.7,129,1711052,27.0,1486,15,201,276.0,3,4,3,50000
Graveler (Alolan) (Shadow),74.9,75,16,4,123.4,124.9,118,1819319,30.5,1500,137,253,215.0,4,3,1,10000
Drilbur,74.8,529,11,0,139.5,81.9,141,1610077,49.0,1499,95,79,218.0,5,5,3,50000
Hypno,74.8,97,15,0,103.7,140.8,148,2160673,27.5,1499,15,230,270.0,5,4,3,50000
Ivysaur,74.8,2,10,14,118.6,121.7,130,1876886,36.5,1493,136,192,245.0,7,7,3,10000
Lunatone,74.8,337,16,15,119.8,108.8,143,1863825,23.5,1494,105,216,164.0,12,15,3,50000
Rhyhorn (Shadow),74.8,111,11,16,113.4,110.2,158,1974352,38.5,1499,95,43,251.0,5,4,3,50000
Jirachi,74.7,385,17,15,120.5,119.4,129,1855163,16.5,1498,15,64,58.0,4,5,20,100000
Incineroar,74.6,727,7,2,125.8,106.9,132,1775070,18.5,1498,123,57,21.0,5,4,3,10000
Slowbro (Galarian),74.6,80,14,15,119.1,108.4,145,1871629,22.5,1493,97,224,38.0,8,5,3,50000
Drilbur (Shadow),74.5,529,11,0,139.5,81.9,141,1610077,49.0,1499,95,79,218.0,5,5,3,50000
Graveler (Alolan),74.5,75,16,4,122.9,127.3,117,1831093,30.0,1500,137,253,215.0,4,3,1,10000
Hitmontop,74.5,237,6,0,121.7,151.3,100,1841514,26.5,1500,16,47,279.0,8,8,5,75000
Muk (Alolan),74.5,89,14,2,117.3,111.3,146,1906470,20.5,1497,97,55,1.0,8,7,3,50000
Pyroar,74.5,668,7,13,135.0,98.0,125,1653456,20.0,1496,77,95,55.0,3,3,3,10000
Blaziken (Shadow),74.4,257,7,6,144.4,90.8,118,1547820,19.0,1496,31,23,21.0,4,5,3,10000
Bruxish,74.4,779,18,15,137.3,100.4,118,1626064,23.5,1497,15,13,201.0,3,3,3,50000
Golem,74.4,76,16,11,125.2,121.7,117,1782513,19.0,1497,95,253,215.0,6,4,1,10000
Lugia,74.4,249,15,8,102.4,165.0,129,2181164,15.0,1496,23,101,5.0,5,9,20,100000
Scolipede,74.4,545,1,14,132.6,121.1,105,1686037,23.0,1495,99,296,154.0,5,7,1,10000
Baxcalibur,74.3,998,3,12,136.2,96.2,125,1638843,15.5,1495,74,19,71.0,8,6,5,75000
Grimer (Alolan) (Shadow),74.3,88,14,2,123.6,86.0,171,1818779,49.0,1500,97,52,245.0,7,8,3,50000
Pumpkaboo (Small),74.3,710,9,10,115.1,116.8,119,1600115,50.0,1359,4,111,104.0,5,4,5,75000
Purugly (Shadow),74.3,432,13,0,125.5,105.5,133,1762021,28.5,1489,119,4,267.0,5,8,3,50000
Staraptor (Shadow),74.3,398,13,8,140.4,90.8,124,1581461,19.5,1492,106,101,47.0,6,6,1,10000
Girafarig (Shadow),74.1,203,13,15,129.1,102.7,129,1711052,27.0,1486,15,201,276.0,3,4,3,50000
Houndstone,74.1,972,9,0,121.0,131.2,117,1857323,22.5,1500,84,201,230.0,12,19,3,50000
Solrock,74.1,338,16,15,119.8,108.8,143,1863825,23.5,1494,105,216,200.0,12,14,3,50000
Chansey,74.0,113,13,0,63.0,120.2,421,3188219,50.0,1418,147,58,200.0,10,10,5,75000
Charmeleon (Shadow),74.0,5,7,0,127.1,109.1,127,1760642,39.0,1496,25,92,97.0,6,8,3,10000
Chimecho,74.0,358,15,0,120.2,120.2,129,1864669,25.0,1500,4,205,230.0,4,6,5,75000
Dartrix,74.0,723,10,8,112.3,116.8,152,1993822,34.5,1498,83,31,227.0,8,7,3,10000
Granbull,74.0,210,5,0,135.3,87.7,139,1650182,22.0,1494,14,47,52.0,8,8,3,50000
Quilladin,74.0,651,10,0,115.4,130.0,129,1935329,35.5,1495,136,26,86.0,5,7,3,10000
Regice (Shadow),73.9,378,12,0,105.4,182.5,111,2135412,18.0,1500,86,24,267.0,15,12,20,100000
Alomomola,73.8,594,18,0,96.7,98.8,240,2292831,26.0,1490,142,127,24.0,10,10,5,75000
Nidoking (Shadow),73.8,34,14,11,130.1,104.1,127,1719018,21.5,1498,36,223,82.0,10,14,3,50000
Sneasel (Hisuian) (Shadow),73.8,215,6,14,135.5,110.7,110,1649923,26.5,1499,97,47,4.0,7,6,3,50000
Haxorus,73.7,612,3,0,151.1,95.7,102,1475018,15.0,1496,23,32,260.0,4,5,5,75000
Misdreavus,73.7,200,9,0,124.1,119.0,122,1801213,29.5,1498,105,55,237.0,13,12,3,50000
Aipom,73.6,190,13,0,126.1,105.2,134,1778842,49.0,1500,4,262,4.0,4,4,3,50000
Growlithe (Shadow),73.6,58,7,0,126.9,90.8,135,1554545,50.0,1405,25,26,97.0,5,8,3,50000
Muk (Alolan) (Shadow),73.6,89,14,2,117.3,111.3,146,1906470,20.5,1497,97,55,1.0,8,7,3,50000
Ninjask,73.6,291,1,8,144.2,89.1,120,1541269,28.0,1496,36,4,41.0,10,15,5,75000
Conkeldurr,73.5,534,6,0,134.6,93.3,132,1657948,16.5,1495,16,81,38.0,8,6,5,75000
Probopass,73.5,476,16,17,96.8,200.0,119,2305422,28.0,1497,124,216,297.0,7,12,3,50000
Shiftry,73.5,275,10,2,134.2,87.7,142,1670632,24.0,1497,123,143,104.0,3,4,3,50000
Slurpuff,73.5,685,5,0,117.4,118.1,138,1912211,25.5,1499,28,187,86.0,7,7,3,50000
Sneasel (Hisuian),73.5,215,6,14,135.5,110.7,110,1649923,26.5,1499,97,47,4.0,7,6,3,50000
Torkoal,73.5,324,7,0,107.6,151.3,127,2067715,27.0,1491,25,182,84.0,8,10,3,50000
Vigoroth (Shadow),73.5,288,13,0,117.7,112.7,144,1909363,28.5,1499,16,26,216.0,6,8,5,75000
Ho-Oh,73.4,250,7,8,123.6,128.2,114,1806501,14.5,1500,77,31,84.0,3,4,20,100000
Leafeon,73.4,470,10,0,128.1,133.3,102,1742118,18.5,1496,106,143,141.0,5,7,5,75000
Sandshrew (Shadow),73.4,27,11,0,118.5,113.4,127,1706968,50.0,1426,116,218,60.0,13,13,3,50000
Uxie,73.4,480,15,0,102.0,176.8,122,2200329,22.5,1500,15,262,109.0,3,6,20,100000
Victini,73.4,494,15,7,120.5,119.4,129,1855163,16.5,1498,106,283,200.0,5,7,20,100000
Cacturne (Shadow),73.2,332,10,2,148.9,83.5,121,1505536,23.5,1498,129,276,81.0,7,7,3,50000
Cryogonal,73.2,615,12,0,116.5,136.2,121,1919929,20.0,1497,75,279,172.0,5,4,5,75000
Golduck (Shadow),73.2,55,18,0,125.5,112.2,127,1787063,22.5,1499,139,49,146.0,12,15,3,50000
Grovyle,73.2,253,10,0,137.4,101.7,117,1633904,37.5,1499,106,143,4.0,5,5,3,10000
Kabuto,73.2,140,16,18,133.6,128.6,97,1667621,49.0,1498,93,11,218.0,5,7,5,75000
Oinkologne,73.2,916,13,0,118.1,102.8,156,1895471,21.0,1499,130,26,276.0,12,15,1,10000
Shiinotic,73.2,756,10,5,116.8,132.3,124,1915843,30.5,1497,4,164,227.0,6,5,3,50000
Poliwhirl,73.1,61,18,0,115.1,114.3,148,1947108,50.0,1500,7,224,166.0,5,4,3,50000
Hitmontop (Shadow),73.0,237,6,0,121.7,151.3,100,1841514,26.5,1500,16,47,279.0,8,8,5,75000
Latios (Shadow),73.0,381,3,15,139.0,113.0,102,1601207,14.0,1495,21,71,149.0,12,20,20,100000
Manectric,73.0,310,4,0,142.5,91.3,120,1561030,23.5,1494,133,201,293.0,6,8,3,50000
Misdreavus (Shadow),73.0,200,9,0,124.1,119.0,122,1801213,29.5,1498,4,55,237.0,5,5,3,50000
Swoobat,73.0,528,15,8,126.9,100.9,138,1767259,35.5,1499,15,101,201.0,4,3,1,10000
Golduck,72.9,55,18,0,125.5,112.2,127,1787063,22.5,1499,139,49,146.0,12,15,3,50000
Cacturne,72.8,332,10,2,148.9,83.5,121,1505536,23.5,1498,129,276,81.0,7,7,3,50000
Durant,72.8,632,1,17,135.9,121.2,100,1647192,21.0,1499,8,296,253.0,14,19,3,50000
Krookodile,72.8,553,11,2,133.9,94.8,132,1675322,18.5,1498,95,52,84.0,5,7,5,75000
Magby,72.8,240,7,0,139.5,95.8,120,1603478,50.0,1496,81,92,34.0,5,5,5,10000
Milotic,72.8,350,18,0,113.2,132.2,132,1974479,18.5,1495,23,260,295.0,5,5,5,75000
Poliwhirl (Shadow),72.8,61,18,0,115.1,114.3,148,1947108,50.0,1500,7,224,166.0,5,4,3,50000
Rhyhorn,72.8,111,11,16,113.4,110.2,158,1974352,38.5,1499,95,43,251.0,5,4,3,50000
Tauros (Blaze),72.8,128,6,7,127.8,123.1,111,1746363,20.0,1494,20,95,276.0,5,4,3,50000
Wormadam (Sandy),72.8,413,1,11,109.9,146.8,126,2032523,33.5,1497,8,41,43.0,20,15,1,10000
Dialga (Shadow),72.7,483,17,3,138.9,109.0,107,1619687,13.5,1500,21,139,67.0,17,22,20,100000
Rayquaza,72.7,384,3,8,146.5,92.0,113,1522152,14.0,1496,23,32,69.0,4,8,20,100000
Hypno (Shadow),72.6,97,15,0,103.7,140.8,148,2160673,27.5,1499,15,270,92.0,4,4,3,50000
Karrablast (Shadow),72.6,588,1,0,127.7,85.7,127,1390325,50.0,1336,36,296,79.0,10,12,3,50000
Naganadel,72.6,804,14,3,149.2,97.2,103,1494370,17.5,1500,97,71,245.0,5,8,20,100000
Electabuzz,72.5,125,4,0,130.9,112.6,115,1694299,24.0,1490,134,270,213.0,5,8,5,75000
Stoutland,72.5,508,13,0,125.8,114.7,124,1788973,19.0,1500,116,293,52.0,12,12,1,10000
Basculin,72.4,550,18,0,134.0,96.5,129,1667480,27.0,1495,139,13,11.0,12,14,1,10000
Crawdaunt (Shadow),72.4,342,18,2,144.5,96.9,110,1540695,22.5,1497,123,172,224.0,3,4,3,50000
Darumaka (Shadow),72.4,554,7,0,132.0,83.5,154,1697707,49.0,1499,30,92,95.0,7,9,3,50000
Palpitoad,72.4,536,18,11,116.6,101.6,162,1919059,48.5,1497,93,82,285.0,7,7,3,50000
Rufflet,72.4,627,13,8,126.3,91.1,153,1759870,46.0,1492,143,31,101.0,8,7,5,75000
Quaquaval,72.3,914,18,6,137.9,97.1,121,1620197,18.5,1496,143,47,11.0,7,6,3,10000
Bayleef,72.2,153,10,0,105.6,141.6,141,2107468,49.5,1494,89,9,86.0,5,6,3,10000
Purugly,72.2,432,13,0,125.5,105.5,133,1762021,28.5,1489,119,4,267.0,5,8,3,50000
Weezing (Shadow),72.2,110,14,0,118.4,138.9,115,1889997,24.5,1495,114,245,230.0,4,5,3,50000
Blaziken,72.1,257,7,6,144.4,90.8,118,1547820,19.0,1496,31,23,21.0,4,5,3,10000
Frigibax,72.1,996,3,12,125.2,84.9,149,1583298,50.0,1410,74,19,71.0,8,6,5,75000
Salamence (Shadow),72.1,373,3,8,142.9,92.6,117,1548425,14.5,1490,23,101,180.0,5,7,5,75000
Meowscarada,72.0,908,10,2,141.6,95.0,118,1586931,20.0,1500,83,172,105.0,5,7,3,10000
Corsola,71.9,222,18,16,109.3,141.6,133,2057200,47.5,1500,7,191,215.0,5,4,3,50000
Cubone (Shadow),71.9,104,11,0,88.2,133.6,127,1497128,50.0,1152,95,28,60.0,4,5,3,50000
Ivysaur (Shadow),71.9,2,10,14,120.3,121.1,128,1864071,37.5,1497,136,192,245.0,7,7,3,10000
Krokorok,71.9,552,11,2,133.6,87.4,142,1658012,50.0,1492,95,52,84.0,5,7,5,75000
Sandshrew (Alolan) (Shadow),71.9,27,12,17,117.6,121.0,127,1807853,50.0,1462,102,172,24.0,5,10,3,50000
Swadloon,71.9,541,1,10,106.7,147.9,133,2099118,50.0,1500,8,86,240.0,19,15,1,10000
Tangrowth,71.9,465,10,0,121.8,112.0,135,1842421,18.5,1498,136,192,216.0,7,6,3,50000
Pignite,71.8,499,7,6,128.4,84.2,161,1740293,29.5,1495,25,218,95.0,8,8,3,10000
Luxray,71.7,405,4,0,138.0,99.0,118,1611912,19.0,1496,124,293,201.0,7,5,5,75000
Nidoking,71.7,34,14,11,130.1,104.1,127,1719018,21.5,1498,36,223,82.0,10,14,3,50000
Vigoroth,71.7,288,13,0,117.7,112.7,144,1909363,28.5,1499,16,26,216.0,6,8,5,75000
Dolliv,71.6,929,10,13,119.3,121.8,129,1875490,50.0,1498,89,82,276.0,6,5,3,50000
Eelektrik,71.6,603,4,0,123.2,110.9,133,1818238,36.5,1498,1,62,52.0,5,6,1,10000
Maushold,71.6,925,13,0,117.3,123.7,132,1915269,29.0,1500,93,262,52.0,5,6,1,10000
Weezing,71.6,110,14,0,117.0,138.9,117,1901382,24.5,1491,114,245,230.0,4,5,3,50000
Ceruledge,71.5,937,7,9,136.9,114.0,105,1638875,17.5,1498,77,230,95.0,3,3,5,50000
Floette,71.5,670,5,0,114.3,133.7,128,1955261,44.0,1499,136,58,200.0,7,7,3,50000
Wobbuffet,71.5,202,15,0,63.0,101.7,333,2133829,50.0,1160,16,213,160.0,12,10,3,50000
Karrablast,71.3,588,1,0,127.7,85.7,127,1390325,50.0,1336,36,296,79.0,10,12,3,50000
Linoone (Galarian) (Shadow),71.3,264,2,13,114.6,112.2,152,1953755,39.0,1497,123,26,60.0,3,4,1,10000
Vikavolt,71.2,738,1,4,146.4,94.4,111,1534869,17.5,1500,137,296,101.0,3,3,1,10000
Croconaw (Shadow),71.1,159,18,0,118.8,118.8,134,1891327,35.0,1499,139,133,52.0,14,15,3,10000
Darumaka,71.1,554,7,0,132.0,83.5,154,1697707,49.0,1499,30,92,95.0,7,9,3,50000
Grotle (Shadow),71.1,388,10,0,118.3,116.1,138,1895093,30.5,1497,108,26,86.0,9,14,3,10000
Seviper,71.1,336,14,0,138.8,89.5,130,1616076,27.0,1500,97,188,295.0,6,7,3,50000
Buzzwole,71.0,794,1,6,129.3,112.7,119,1735016,16.0,1498,16,258,148.0,7,8,20,100000
Crawdaunt,71.0,342,18,2,144.5,96.9,110,1540695,22.5,1497,123,172,224.0,3,4,3,50000
Ponyta,71.0,77,7,0,134.8,109.4,113,1666179,36.5,1500,25,95,251.0,8,6,3,50000
Combusken,70.9,256,7,6,131.0,99.6,131,1710523,39.0,1497,25,95,216.0,8,7,3,10000
Grovyle (Shadow),70.9,253,10,0,137.4,101.7,117,1633904,37.5,1499,11,143,4.0,3,4,3,10000
Charmeleon,70.8,5,7,0,127.1,109.1,127,1760642,39.0,1496,25,92,213.0,6,10,3,10000
Croconaw,70.8,159,18,0,118.8,118.8,134,1891327,35.0,1499,139,133,52.0,14,15,3,10000
Ho-Oh (Shadow),70.8,250,7,8,124.0,128.5,113,1799523,14.0,1499,77,31,84.0,3,4,20,100000
Latios,70.8,381,3,15,138.4,112.9,103,1609480,14.5,1497,21,71,149.0,12,20,20,100000
Lopunny,70.8,428,13,0,112.1,146.4,121,1985734,27.5,1493,20,279,103.0,4,7,3,50000
Lugia (Shadow),70.8,249,15,8,103.3,165.3,127,2168251,14.5,1497,23,101,5.0,5,9,20,100000
Lumineon,70.8,457,18,0,109.5,137.2,136,2042625,33.0,1497,139,285,240.0,19,15,3,50000
Quaxwell,70.8,913,18,0,124.7,103.1,139,1786476,32.5,1496,139,11,4.0,14,14,3,10000
Eelektross,70.7,604,4,0,134.4,98.0,127,1672478,20.0,1500,137,71,273.0,3,4,1,10000
Ludicolo,70.7,272,18,10,117.1,123.7,132,1912593,24.0,1497,7,224,144.0,5,5,3,50000
Articuno,70.6,144,12,8,113.2,143.6,122,1983584,18.5,1500,75,279,9.0,5,5,20,100000
Electrode,70.6,101,4,0,123.1,127.2,116,1816610,26.5,1496,137,62,128.0,3,5,3,50000
Huntail,70.6,367,18,0,131.5,126.3,102,1694679,24.0,1498,139,13,52.0,12,15,3,50000
Mewtwo (Shadow),70.6,150,15,0,147.9,94.4,108,1507802,13.0,1499,104,207,273.0,5,7,20,100000
Tangrowth (Shadow),70.6,465,10,0,121.8,112.0,135,1842421,18.5,1498,136,192,216.0,7,6,3,50000
Articuno (Shadow),70.5,144,12,8,113.8,140.2,124,1977704,18.5,1500,75,279,9.0,5,5,20,100000
Gardevoir,70.5,282,15,5,137.2,114.5,104,1633015,18.0,1498,14,279,230.0,8,10,5,75000
Gloom,70.5,44,10,14,122.6,114.9,130,1830873,37.5,1500,1,245,164.0,7,8,3,50000
Kabutops,70.5,141,16,18,135.5,121.0,100,1638836,20.5,1493,36,253,9.0,14,12,5,75000
Probopass (Shadow),70.5,476,16,17,97.4,197.6,119,2289182,27.5,1493,124,216,297.0,7,12,3,50000
Seismitoad,70.5,537,18,11,120.3,101.5,152,1856073,22.0,1498,93,82,245.0,7,7,3,50000
Skrelp,70.5,690,14,18,104.2,104.2,127,1378846,50.0,1202,1,13,245.0,5,7,3,50000
Torterra (Shadow),70.4,389,10,11,120.5,117.6,131,1857185,19.0,1496,108,105,253.0,12,14,3,10000
Bonsly,70.3,438,16,0,116.8,124.4,127,1844799,50.0,1472,112,218,216.0,10,9,5,10000
Combusken (Shadow),70.3,256,7,6,131.0,99.6,131,1710523,39.0,1497,25,95,216.0,8,7,3,10000
Kingdra,70.3,230,18,3,121.8,126.1,119,1828072,21.0,1498,21,180,175.0,20,17,3,50000
Nidorino (Shadow),70.3,33,14,0,124.2,103.7,140,1803300,46.5,1500,99,245,60.0,6,6,3,50000
Scraggy,70.3,559,2,6,120.4,122.1,126,1851509,48.0,1494,29,282,104.0,7,7,3,50000
Chandelure (Shadow),70.2,609,9,7,151.4,106.9,91,1472749,16.5,1498,77,95,230.0,3,3,5,75000
Hitmonlee,70.2,106,6,0,142.5,121.4,91,1573887,21.5,1497,20,47,23.0,4,4,5,75000
Houndoom (Shadow),70.2,229,2,7,140.8,94.9,119,1589764,21.0,1498,30,104,97.0,7,10,3,50000
Regieleki,70.2,894,4,0,152.3,82.4,117,1469385,20.0,1496,137,268,128.0,3,5,20,100000
Landorus (Incarnate),70.1,645,11,8,139.9,100.5,114,1602125,15.5,1497,93,82,216.0,7,6,20,100000
Prinplup,70.1,394,18,0,119.1,116.0,136,1878103,37.0,1500,7,137,127.0,5,7,3,10000
Smoochum,70.1,238,12,15,141.2,89.1,120,1508916,50.0,1460,102,205,133.0,5,5,5,10000
Volcanion,70.1,721,7,18,135.6,117.4,103,1639861,15.0,1494,77,245,182.0,3,3,20,100000
Cubone,70.0,104,11,0,88.2,133.6,127,1497128,50.0,1152,95,28,213.0,4,7,3,50000
Hitmonchan (Shadow),70.0,107,6,0,128.2,137.3,98,1725104,23.5,1490,16,133,270.0,7,7,5,75000
Nidorino,70.0,33,14,0,124.2,103.7,140,1803300,46.5,1500,99,245,60.0,6,6,3,50000
Corvisquire,69.9,822,8,0,119.1,104.1,152,1884408,48.5,1500,116,242,184.0,14,15,1,10000
Hatterene,69.9,858,15,5,144.0,116.5,93,1559786,20.0,1500,14,205,192.0,7,9,5,50000
Shelgon,69.8,372,3,0,123.3,118.4,123,1795453,27.5,1493,21,97,280.0,19,15,5,75000
Urshifu (Rapid Strike),69.8,892,6,18,136.6,97.8,121,1616195,15.0,1489,16,11,81.0,7,8,20,100000
Vanillish,69.8,583,12,0,124.1,119.3,122,1805667,41.0,1499,4,137,238.0,5,6,3,50000
Hitmonchan,69.7,107,6,0,128.2,137.3,98,1725104,23.5,1490,16,133,270.0,7,7,5,75000
Hitmonlee (Shadow),69.7,106,6,0,142.5,121.4,91,1573887,21.5,1497,20,47,23.0,4,4,5,75000
Moltres (Shadow),69.7,146,7,8,137.3,103.1,115,1627313,15.5,1499,31,242,9.0,6,5,20,100000
Pignite (Shadow),69.7,499,7,6,128.4,84.2,161,1740293,29.5,1495,25,218,95.0,8,8,3,10000
Salamence,69.7,373,3,8,142.9,92.6,117,1548425,14.5,1490,23,101,180.0,5,7,5,75000
Arbok,69.6,24,14,0,123.7,120.1,121,1798747,29.0,1495,1,55,246.0,7,9,3,50000
Bayleef (Shadow),69.6,153,10,0,105.6,141.6,141,2107468,49.5,1494,89,9,86.0,5,6,3,10000
Darmanitan (Standard),69.6,555,7,0,151.3,71.4,137,1480445,18.0,1497,77,216,182.0,3,3,3,50000
Darmanitan (Standard) (Shadow),69.6,555,7,0,151.3,71.4,137,1480445,18.0,1497,77,216,182.0,3,3,3,50000
Growlithe,69.6,58,7,0,126.9,90.8,135,1554545,50.0,1405,25,26,97.0,5,8,3,50000
Swanna (Shadow),69.6,581,18,8,129.3,99.7,134,1727466,26.5,1498,139,101,131.0,15,19,3,50000
Zapdos (Galarian),69.6,145,6,8,135.2,106.2,115,1651425,15.5,1495,16,101,31.0,8,10,20,100000
Beartic,69.5,614,12,0,134.9,94.6,129,1646922,18.0,1491,102,133,146.0,5,6,3,50000
Heatmor,69.5,631,7,0,133.3,91.6,136,1660290,23.0,1489,31,270,97.0,4,6,3,50000
Vibrava (Shadow),69.5,329,11,3,125.2,95.8,127,1523223,50.0,1384,21,223,41.0,14,20,5,75000
Aerodactyl (Shadow),69.4,142,16,8,135.0,103.9,118,1656037,20.0,1500,112,216,82.0,9,11,5,75000
Kingdra (Shadow),69.4,230,18,3,121.8,126.1,119,1828072,21.0,1498,21,180,175.0,20,17,3,50000
Sandygast,69.4,769,9,11,113.4,111.8,135,1711543,50.0,1394,4,226,230.0,5,6,3,50000
Floatzel,69.3,419,18,0,143.8,81.1,133,1551619,22.5,1494,139,11,262.0,14,12,3,50000
Omanyte (Shadow),69.3,138,16,18,129.2,131.7,102,1735737,44.5,1500,93,218,215.0,7,5,5,75000
Rotom,69.3,479,4,9,133.6,123.0,102,1676130,28.0,1500,4,273,176.0,6,5,5,75000
Geodude (Alolan),69.2,74,16,4,123.5,123.5,113,1724177,50.0,1462,137,218,216.0,4,3,1,10000
Electrode (Shadow),69.1,101,4,0,123.1,127.2,116,1816610,26.5,1496,137,62,128.0,3,5,3,50000
Elekid,69.1,239,4,0,126.0,97.5,120,1474345,50.0,1364,134,270,34.0,5,5,5,10000
Gigalith,69.1,526,16,0,127.2,118.4,116,1747772,17.0,1492,95,258,156.0,4,6,3,50000
Buneary,69.0,427,13,0,121.8,100.8,135,1658639,50.0,1423,106,262,92.0,5,5,3,50000
Herdier,69.0,507,13,0,119.7,110.9,141,1871188,41.5,1497,116,60,273.0,13,14,1,10000
Monferno (Shadow),69.0,391,7,6,129.6,95.4,139,1719672,41.0,1498,25,97,147.0,8,6,3,10000
Emboar (Shadow),68.9,500,7,6,137.9,79.9,147,1618930,18.5,1494,25,21,216.0,8,7,3,10000
Weepinbell,68.9,70,10,14,137.8,84.3,139,1614019,39.5,1493,1,192,245.0,7,7,3,50000
Crobat,68.8,169,14,8,121.8,115.7,130,1832248,21.0,1496,3,188,230.0,5,7,1,10000
Entei (Shadow),68.8,244,7,0,129.3,94.6,142,1736743,16.0,1499,30,95,226.0,9,9,20,100000
Flareon,68.8,136,7,0,141.7,110.0,100,1557872,18.0,1488,25,258,97.0,6,8,5,75000
Gigalith (Shadow),68.8,526,16,0,127.2,118.4,116,1747772,17.0,1492,95,156,258.0,6,4,3,50000
Jolteon,68.8,135,4,0,138.6,113.0,103,1612419,19.0,1495,134,62,141.0,5,7,5,75000
Linoone (Galarian),68.8,264,2,13,114.6,112.2,152,1953755,39.0,1497,123,26,60.0,3,4,1,10000
Mankey (Shadow),68.8,56,6,0,137.0,81.5,113,1261556,50.0,1317,81,49,34.0,4,5,3,50000
Monferno,68.8,391,7,6,129.6,95.4,139,1719672,41.0,1498,25,97,147.0,8,6,3,10000
Vileplume,68.8,45,10,14,129.1,110.9,121,1732053,22.0,1498,1,245,186.0,7,9,3,50000
Bisharp,68.7,625,2,17,139.2,111.5,103,1598638,19.5,1497,123,55,296.0,4,4,5,75000
Bouffalant,68.7,626,13,0,118.9,115.9,136,1873804,20.0,1496,93,251,154.0,5,7,3,50000
Oddish,68.7,43,10,14,122.7,106.7,120,1571110,50.0,1389,1,227,245.0,6,7,3,50000
Omanyte,68.7,138,16,18,129.2,131.7,102,1735737,44.5,1500,93,218,215.0,7,5,5,75000
Minun,68.6,312,4,0,116.8,126.8,129,1909761,37.0,1493,106,273,111.0,7,7,3,50000
Moltres,68.6,146,7,8,136.3,102.6,117,1635633,16.0,1493,31,242,9.0,6,5,20,100000
Shelgon (Shadow),68.6,372,3,0,123.3,118.4,123,1795453,27.5,1493,21,97,74.0,19,20,5,75000
Cloyster,68.4,91,18,12,119.7,166.0,94,1867851,22.0,1499,75,137,146.0,5,5,3,50000
Emboar,68.4,500,7,6,137.9,79.9,147,1618930,18.5,1494,25,21,216.0,8,7,3,10000
Falinks,68.4,870,6,0,128.2,119.8,113,1735815,23.5,1494,16,258,154.0,7,10,5,75000
Shellos,68.4,422,18,0,99.2,100.8,166,1659740,50.0,1284,95,166,26.0,4,4,3,50000
Torracat,68.4,726,7,0,136.6,89.5,134,1638022,34.5,1497,25,95,52.0,8,7,3,10000
Ambipom (Shadow),68.3,424,13,0,133.9,99.9,124,1659351,23.0,1496,4,4,147.0,4,4,3,50000
Stakataka,68.3,805,16,17,119.4,169.8,92,1865399,16.5,1498,112,253,43.0,11,9,20,100000
Darumaka (Galarian),68.2,554,12,0,132.0,83.5,154,1697707,49.0,1499,74,133,131.0,7,10,3,50000
Drakloak,68.2,886,3,9,131.0,92.6,141,1710626,39.0,1498,4,230,180.0,6,6,5,75000
Exploud,68.2,295,13,0,119.8,98.4,158,1863205,23.5,1494,4,52,61.0,5,5,1,10000
Growlithe (Hisuian),68.2,58,7,16,131.9,89.9,142,1684382,50.0,1495,25,216,97.0,7,8,3,50000
Klinklang,68.2,601,17,0,124.9,140.2,102,1785632,21.0,1494,92,161,297.0,5,10,5,75000
Mismagius,68.2,429,9,0,133.8,120.8,104,1680621,21.5,1499,40,230,55.0,5,4,3,50000
Geodude (Shadow),68.1,74,16,11,123.5,123.5,113,1724177,50.0,1462,112,218,216.0,10,9,1,10000
Kartana,68.1,798,10,17,170.7,98.8,78,1316087,15.0,1500,108,143,172.0,9,9,20,100000
Poipole,68.1,803,14,0,119.7,113.6,137,1862719,36.0,1495,97,245,89.0,8,5,20,100000
Delcatty,68.0,301,13,0,112.7,115.2,153,1986701,46.5,1496,14,293,61.0,8,8,3,50000
Garchomp (Shadow),67.9,445,3,11,132.5,102.5,124,1683122,14.0,1495,23,223,180.0,5,7,5,75000
Graveler (Shadow),67.9,75,16,11,123.4,124.9,118,1819319,30.5,1500,95,253,60.0,6,5,1,10000
Appletun,67.8,842,10,3,117.2,100.8,162,1913294,22.5,1498,4,180,227.0,6,5,5,75000
Crobat (Shadow),67.8,169,14,8,121.8,115.7,130,1832248,21.0,1496,3,188,230.0,5,7,1,10000
Luxray (Shadow),67.8,405,4,0,138.0,99.0,118,1611912,19.0,1496,123,293,201.0,4,3,5,75000
Metagross (Shadow),67.8,376,17,15,132.8,123.6,102,1674069,14.5,1496,10,158,84.0,8,10,5,75000
Teddiursa (Shadow),67.8,216,13,0,130.2,90.8,142,1678466,50.0,1482,84,262,49.0,12,12,3,50000
Quilava,67.7,156,7,0,127.1,109.1,127,1760642,39.0,1496,25,95,60.0,8,8,3,10000
Sneasel (Shadow),67.7,215,2,12,135.5,110.7,110,1649923,26.5,1499,75,19,104.0,5,4,3,50000
Archeops (Shadow),67.6,567,16,8,160.6,81.4,106,1385816,16.5,1494,143,9,71.0,7,5,5,75000
Grotle,67.6,388,10,0,118.3,116.1,138,1895093,30.5,1497,108,26,86.0,9,14,3,10000
Vibrava,67.6,329,11,3,125.2,95.8,127,1523223,50.0,1384,21,223,41.0,14,20,5,75000
Cloyster (Shadow),67.5,91,18,12,119.7,166.0,94,1867851,22.0,1499,75,137,146.0,5,5,3,50000
Exploud (Shadow),67.5,295,13,0,119.8,98.4,158,1863205,23.5,1494,4,52,61.0,5,5,1,10000
Heracross,67.5,214,1,6,134.7,107.9,114,1655921,17.5,1497,16,282,154.0,7,10,3,50000
Houndoom,67.5,229,2,7,140.8,94.9,119,1589764,21.0,1498,30,104,97.0,7,10,3,50000
Latias (Shadow),67.5,380,3,15,123.6,137.3,106,1798419,15.5,1496,21,162,267.0,20,20,20,100000
Rotom (Heat),67.5,479,4,7,129.2,143.2,93,1720709,21.0,1491,134,182,273.0,7,7,5,75000
Ursaluna,67.5,901,11,13,126.2,97.2,145,1777377,14.5,1499,130,262,118.0,12,20,3,50000
Diancie,67.4,719,16,5,119.2,175.2,89,1857962,19.5,1488,112,191,216.0,10,9,20,100000
Frogadier,67.4,657,18,0,135.4,99.2,123,1653012,39.5,1500,7,260,4.0,5,4,3,10000
Swellow (Shadow),67.4,277,13,8,136.7,98.6,121,1630044,29.0,1496,143,31,4.0,8,6,1,10000
Ursaluna (Shadow),67.4,901,11,13,126.2,97.2,145,1777377,14.5,1499,130,262,118.0,12,20,3,50000
Carnivine,67.3,455,10,0,130.2,101.2,130,1712621,25.5,1498,136,192,52.0,7,6,5,75000
Chandelure,67.3,609,9,7,151.4,106.9,91,1472749,16.5,1498,77,95,230.0,3,3,5,75000
Geodude (Alolan) (Shadow),67.2,74,16,4,123.5,123.5,113,1724177,50.0,1462,137,218,216.0,4,3,1,10000
Gloom (Shadow),67.2,44,10,14,122.6,114.9,130,1830873,37.5,1500,1,245,164.0,7,8,3,50000
Graveler,67.2,75,16,11,122.9,127.3,117,1831093,30.0,1500,95,253,60.0,6,5,1,10000
Gurdurr,67.2,533,6,0,124.8,99.8,143,1781718,25.5,1491,97,34,253.0,6,8,5,75000
Manectric (Shadow),67.2,310,4,0,142.5,91.3,120,1561030,23.5,1494,123,293,201.0,4,3,3,50000
Pidgeotto (Shadow),67.1,17,13,8,110.9,100.8,147,1644149,50.0,1350,143,7,4.0,5,6,1,10000
Slowbro,67.1,80,18,15,113.4,120.9,143,1961133,22.0,1493,139,260,131.0,15,19,3,50000
Slowking,67.1,199,18,15,113.4,120.9,143,1961133,22.0,1493,139,260,200.0,15,19,3,50000
Tirtouga,67.1,564,18,16,113.9,132.0,130,1955087,47.0,1494,139,260,9.0,15,15,5,75000
Yanmega,67.1,469,1,8,137.3,98.3,121,1632541,18.5,1498,8,4,9.0,14,15,3,50000
Delphox,67.0,655,7,15,132.6,115.6,109,1671331,18.0,1491,31,21,168.0,5,5,3,10000
Garchomp,67.0,445,3,11,132.5,102.5,124,1683122,14.0,1495,23,223,180.0,5,7,5,75000
Mankey,67.0,56,6,0,137.0,81.5,113,1261556,50.0,1317,81,49,213.0,4,8,3,50000
Mismagius (Shadow),67.0,429,9,0,133.8,120.8,104,1680621,21.5,1499,40,230,55.0,5,4,3,50000
Oddish (Shadow),67.0,43,10,14,122.7,106.7,120,1571110,50.0,1389,1,227,245.0,6,7,3,50000
Porygon,67.0,137,13,0,120.8,114.7,134,1856061,35.5,1500,106,62,128.0,5,10,3,50000
Tyranitar (Shadow),67.0,248,16,2,130.2,109.4,121,1723417,14.5,1498,121,38,253.0,5,7,5,75000
Arboliva,66.9,930,10,13,129.9,115.5,115,1724594,18.5,1499,89,82,276.0,6,5,3,50000
Groudon (Shadow),66.9,383,11,0,136.0,116.8,104,1651954,13.5,1499,93,195,92.0,8,5,20,100000
Raboot,66.9,814,7,0,130.0,102.1,130,1726633,30.5,1498,31,95,97.0,5,6,3,10000
Zoroark,66.9,571,2,0,157.9,86.9,103,1414071,21.0,1497,119,104,245.0,5,7,5,75000
Camerupt (Shadow),66.8,323,7,11,134.9,101.2,122,1665522,25.5,1499,77,82,182.0,3,3,3,50000
Entei,66.8,244,7,0,128.8,96.2,141,1746495,16.0,1500,30,95,226.0,9,9,20,100000
Kubfu,66.8,891,6,0,136.6,95.6,125,1631599,34.5,1493,16,47,34.0,8,7,20,100000
Quilava (Shadow),66.8,156,7,0,127.1,109.1,127,1760642,39.0,1496,25,95,60.0,8,8,3,10000
Swanna,66.8,581,18,8,129.3,99.7,134,1727466,26.5,1498,3,101,131.0,5,7,3,50000
Camerupt,66.7,323,7,11,134.9,101.2,122,1665522,25.5,1499,77,82,182.0,3,3,3,50000
Larvesta,66.7,636,1,7,131.7,99.2,130,1697421,44.5,1499,25,95,41.0,8,9,5,75000
Sawk (Shadow),66.7,539,6,0,141.0,99.8,113,1589415,20.0,1500,97,26,34.0,5,6,5,75000
Swellow,66.7,277,13,8,136.7,98.6,121,1630044,29.0,1496,143,31,4.0,8,6,1,10000
Torterra,66.7,389,10,11,120.5,117.6,131,1857185,19.0,1496,108,105,253.0,12,14,3,10000
Arbok (Shadow),66.6,24,14,0,123.7,120.1,121,1798747,29.0,1495,1,55,246.0,7,9,3,50000
Exeggutor (Alolan) (Shadow),66.6,103,10,3,134.4,94.2,131,1659647,18.5,1493,23,227,67.0,5,8,3,50000
Slowpoke,66.6,79,18,15,104.2,95.0,186,1840271,50.0,1386,15,205,285.0,4,5,3,50000
Eldegoss,66.5,830,10,0,109.1,159.7,118,2056868,28.5,1500,11,111,86.0,4,5,3,50000
Houndour (Shadow),66.5,228,2,7,140.3,82.3,120,1386732,50.0,1395,25,52,97.0,7,8,3,50000
Mr. Mime,66.5,122,15,5,132.2,145.7,88,1695360,25.5,1500,105,230,200.0,14,14,5,75000
Sneasel,66.5,215,2,12,135.5,110.7,110,1649923,26.5,1499,75,19,104.0,5,4,3,50000
Thwackey,66.5,811,10,0,124.7,108.5,133,1798445,31.0,1500,108,111,86.0,13,14,3,10000
Wormadam (Plant),66.5,413,1,10,109.9,146.8,126,2032523,33.5,1497,8,86,41.0,19,20,1,10000
Breloom,66.4,286,10,6,150.6,97.3,101,1480402,21.0,1493,32,81,111.0,5,5,3,50000
Comfey,66.4,764,5,0,116.9,155.4,105,1907768,26.5,1494,136,111,77.0,7,7,3,50000
Gurdurr (Shadow),66.4,533,6,0,124.8,99.8,143,1781718,25.5,1491,97,34,253.0,6,8,5,75000
Tauros,66.4,128,13,0,125.1,118.9,120,1785591,21.5,1495,130,276,122.0,15,12,3,50000
Cherrim (Sunshine),66.3,421,10,0,122.9,115.2,129,1826290,27.0,1498,11,287,248.0,3,7,1,10000
Blissey,66.2,242,13,0,81.4,110.2,307,2754156,21.0,1498,147,293,58.0,8,10,5,75000
Boldore (Shadow),66.2,525,16,0,126.5,108.2,130,1779034,28.0,1500,95,253,216.0,6,5,3,50000
Metagross,66.2,376,17,15,132.8,123.6,102,1674069,14.5,1496,10,158,84.0,8,10,5,75000
Oricorio (Sensu),66.2,741,9,8,130.9,101.4,128,1699439,24.0,1492,3,7,4.0,4,5,3,75000
Tyrantrum,66.2,697,16,3,130.2,113.4,116,1713446,17.5,1495,23,156,52.0,7,5,5,75000
Absol (Shadow),66.1,359,2,0,157.9,82.7,109,1423430,22.0,1499,123,38,154.0,3,5,5,75000
Flapple,66.1,841,10,3,138.8,100.8,115,1607818,22.5,1499,21,101,227.0,15,15,5,75000
Oricorio (Pom-Pom),66.1,741,4,8,130.9,101.4,128,1699439,24.0,1492,3,7,4.0,4,5,3,75000
Archen (Shadow),66.0,566,16,8,160.1,76.0,115,1399059,31.0,1497,106,9,71.0,6,5,5,75000
Geodude,66.0,74,16,11,123.5,123.5,113,1724177,50.0,1462,112,218,216.0,10,9,1,10000
Nuzleaf (Shadow),66.0,274,10,2,125.2,78.1,157,1536164,50.0,1387,29,143,104.0,6,7,3,50000
Arcanine (Hisuian),65.9,59,7,16,132.4,100.0,127,1682540,17.5,1498,30,293,216.0,8,8,3,50000
Luxio,65.9,404,4,0,134.1,91.1,137,1672950,47.5,1500,124,293,52.0,7,7,5,75000
Cursola,65.8,864,9,0,146.2,111.1,94,1526840,18.0,1499,4,171,191.0,5,5,3,50000
Rillaboom,65.8,812,10,0,133.5,97.7,129,1681954,16.5,1499,108,111,82.0,13,14,3,10000
Weavile (Shadow),65.8,461,2,12,143.1,103.4,106,1568420,18.5,1500,123,19,104.0,4,4,3,50000
Tirtouga (Shadow),65.7,564,18,16,113.9,132.0,130,1955087,47.0,1494,139,260,9.0,15,15,5,75000
Weavile,65.7,461,2,12,143.1,103.4,106,1568420,18.5,1500,123,19,104.0,4,4,3,50000
Prinplup (Shadow),65.6,394,18,0,119.1,116.0,136,1878103,37.0,1500,7,137,127.0,5,7,3,10000
Infernape,65.5,392,7,6,136.7,100.4,118,1619407,20.5,1491,31,47,21.0,5,5,3,10000
Mothim,65.5,414,1,8,140.0,83.0,137,1591422,31.5,1496,8,4,41.0,14,20,1,10000
Oricorio (Baile),65.5,741,7,8,130.9,101.4,128,1699439,24.0,1492,3,7,4.0,4,5,3,75000
Simisage,65.5,512,10,0,136.6,94.5,126,1627774,23.5,1496,136,111,52.0,7,6,3,50000
Slowpoke (Galarian),65.5,79,15,0,104.2,95.0,186,1840271,50.0,1386,15,205,260.0,4,4,3,50000
Slowpoke (Shadow),65.5,79,18,15,104.2,95.0,186,1840271,50.0,1386,15,205,285.0,4,5,3,50000
Tangela,65.5,114,10,0,125.0,121.7,117,1778920,24.5,1491,136,111,245.0,7,7,3,50000
Tyrantrum (Shadow),65.4,697,16,3,130.2,113.4,116,1713446,17.5,1495,23,156,253.0,7,7,5,75000
Aerodactyl,65.3,142,16,8,135.0,103.9,118,1656037,20.0,1500,112,216,82.0,9,11,5,75000
Infernape (Shadow),65.3,392,7,6,136.7,100.4,118,1619407,20.5,1491,31,47,21.0,5,5,3,10000
Slowbro (Shadow),65.3,80,18,15,113.4,120.9,143,1961133,22.0,1493,139,260,131.0,15,19,3,50000
Slowking (Shadow),65.3,199,18,15,113.4,120.9,143,1961133,22.0,1493,139,260,200.0,15,19,3,50000
Stufful,65.3,759,13,6,125.2,90.8,157,1783933,50.0,1495,130,258,251.0,14,14,1,10000
Wyrdeer,65.3,899,13,15,127.0,96.8,143,1757652,20.5,1495,15,251,293.0,4,4,5,75000
Decidueye (Hisuian),65.1,724,10,6,129.6,106.9,124,1718957,20.0,1494,89,4,15.0,4,6,3,10000
Stunky (Shadow),65.1,434,14,2,114.3,88.2,147,1482226,50.0,1301,5,52,276.0,23,23,3,50000
Weepinbell (Shadow),65.1,70,10,14,139.2,83.7,138,1606435,38.5,1497,1,192,245.0,7,7,3,50000
Nuzleaf,65.0,274,10,2,125.2,78.1,157,1536164,50.0,1387,29,143,104.0,6,7,3,50000
Honchkrow,64.9,430,2,8,150.6,68.3,145,1492462,20.5,1500,123,31,55.0,5,4,3,50000
Kyogre (Shadow),64.9,382,18,0,136.0,116.8,104,1651954,13.5,1499,142,260,178.0,6,8,20,100000
Porygon2,64.9,233,13,0,123.7,115.7,127,1816950,21.0,1500,86,277,297.0,10,16,3,50000
Teddiursa,64.9,216,13,0,130.2,90.8,142,1678466,50.0,1482,84,262,49.0,12,12,3,50000
Wobbuffet (Shadow),64.9,202,15,0,63.0,101.7,333,2133829,50.0,1160,16,160,107.0,10,12,3,50000
Pidgeotto,64.8,17,13,8,110.9,100.8,147,1644149,50.0,1350,143,7,4.0,5,6,1,10000
Sudowoodo,64.8,185,16,0,117.2,130.1,125,1905357,26.0,1496,16,156,276.0,10,8,5,75000
Onix,64.7,95,16,11,84.0,207.6,105,1831281,50.0,1245,112,32,253.0,7,11,5,75000
Sliggoo,64.7,705,3,0,115.2,132.6,127,1940188,27.0,1499,139,167,74.0,12,20,5,75000
Sharpedo,64.6,319,18,2,166.6,64.8,124,1338010,25.5,1493,142,52,188.0,6,5,3,50000
Dustox,64.5,269,1,14,95.0,148.7,142,2005436,50.0,1384,15,245,240.0,5,4,1,10000
Fuecoco,64.5,909,7,0,106.7,93.3,152,1513000,50.0,1274,77,52,97.0,3,3,3,10000
Shaymin (Land),64.5,492,10,0,117.9,122.3,131,1888054,17.0,1492,89,111,228.0,5,8,20,100000
Tsareena,64.5,763,10,0,131.6,119.9,108,1704753,19.0,1499,89,279,120.0,5,6,3,10000
Zebstrika (Shadow),64.5,523,4,0,137.7,95.5,123,1617244,23.0,1496,124,293,62.0,7,6,3,50000
Rotom (Wash),64.4,479,4,18,129.2,143.2,93,1720709,21.0,1491,134,273,127.0,7,9,5,75000
Tranquill (Shadow),64.4,520,13,8,124.0,101.4,143,1797495,49.5,1494,3,4,242.0,5,7,1,10000
Onix (Shadow),64.3,95,16,11,84.0,207.6,105,1831281,50.0,1245,112,32,253.0,7,11,5,75000
Zygarde (10% Forme),64.3,718,3,11,138.1,119.1,98,1612643,22.5,1494,23,52,84.0,5,8,20,100000
Archeops,64.2,567,16,8,160.6,81.4,106,1385816,16.5,1494,143,9,71.0,7,5,5,75000
Boldore,64.1,525,16,0,123.3,110.7,131,1787765,27.5,1484,95,216,43.0,5,5,3,50000
Gabite,64.1,444,3,11,128.8,101.0,133,1729456,30.0,1497,93,60,97.0,7,7,5,75000
Ambipom,64.0,424,13,0,133.9,99.9,124,1659351,23.0,1496,4,4,213.0,4,7,3,50000
Latias,64.0,380,3,15,124.5,137.9,105,1802286,16.0,1499,21,162,267.0,20,20,20,100000
Banette,63.9,354,9,0,146.8,89.3,117,1533076,24.5,1500,119,230,58.0,7,7,3,50000
Lycanroc (Dusk),63.9,745,16,0,145.2,92.5,115,1544749,20.5,1500,129,253,276.0,8,7,5,50000
Polteageist,63.9,855,9,0,144.5,114.5,94,1555283,18.0,1499,40,230,55.0,5,4,3,50000
Tyranitar,63.9,248,16,2,130.2,109.4,121,1723417,14.5,1498,121,38,253.0,5,7,5,75000
Corphish (Shadow),63.8,341,18,0,131.1,95.8,117,1469211,50.0,1391,7,11,211.0,4,4,3,50000
Seel,63.8,86,18,0,84.0,114.3,149,1430849,50.0,1098,139,13,137.0,12,15,3,50000
Absol,63.7,359,2,0,157.9,82.7,109,1423430,22.0,1499,123,38,154.0,3,5,5,75000
Braviary,63.7,628,13,8,134.3,94.1,132,1668093,18.0,1497,3,101,47.0,5,5,5,75000
Honchkrow (Shadow),63.7,430,2,8,150.6,68.3,145,1492462,20.5,1500,123,31,55.0,5,4,3,50000
Pineco (Shadow),63.6,204,1,0,103.4,115.1,127,1511117,50.0,1253,8,218,223.0,17,14,5,75000
Simisear,63.6,514,7,0,136.6,94.5,126,1627774,23.5,1496,31,52,97.0,5,6,3,50000
Brionne,63.5,729,18,0,124.8,115.4,123,1770908,29.5,1488,14,11,61.0,7,8,3,10000
Cinderace,63.5,815,7,0,139.0,102.3,113,1606935,18.5,1499,31,97,95.0,6,5,3,10000
Clamperl,63.5,366,18,0,124.4,126.0,105,1645929,50.0,1436,139,26,285.0,12,19,3,50000
Exeggutor (Alolan),63.5,103,10,3,134.4,94.2,131,1659647,18.5,1493,23,227,67.0,5,8,3,50000
Houndour,63.5,228,2,7,140.3,82.3,120,1386732,50.0,1395,25,52,97.0,7,8,3,50000
Lycanroc (Midday),63.5,745,16,0,144.6,92.0,117,1556153,20.0,1500,129,253,79.0,8,7,5,50000
Lycanroc (Midnight),63.5,745,16,0,134.3,101.0,123,1668138,20.5,1498,16,253,201.0,10,6,5,50000
Porygon2 (Shadow),63.5,233,13,0,123.7,115.7,127,1816950,21.0,1500,86,277,297.0,10,16,3,50000
Vileplume (Shadow),63.5,45,10,14,129.1,110.9,121,1732053,22.0,1498,1,245,164.0,7,8,3,50000
Yanma,63.5,193,1,8,131.6,87.4,148,1702917,48.5,1498,106,4,240.0,5,6,3,50000
Espurr,63.4,677,15,0,113.4,108.4,145,1783036,50.0,1424,15,205,86.0,4,5,3,50000
Revavroom,63.4,966,17,14,135.7,106.6,114,1648064,19.0,1499,92,182,114.0,7,8,3,50000
Sawk,63.4,539,6,0,141.0,99.8,113,1589415,20.0,1500,97,26,34.0,5,6,5,75000
Masquerain,63.3,284,1,8,130.3,107.8,122,1712792,24.5,1499,3,7,148.0,4,5,1,10000
Carracosta,63.2,565,18,16,121.8,127.9,118,1839109,21.0,1497,139,146,9.0,15,15,5,75000
Popplio,63.2,728,18,0,113.4,99.2,127,1428526,50.0,1276,139,13,11.0,12,14,3,10000
Vivillon,63.2,666,1,8,133.0,84.5,150,1685529,30.5,1500,38,4,41.0,4,5,1,10000
Raticate,63.1,20,13,0,125.9,115.3,122,1771626,34.5,1494,106,130,60.0,7,7,1,10000
Ribombee,63.1,743,1,5,136.9,106.6,112,1634709,25.5,1500,28,58,41.0,7,7,1,10000
Stonjourner,63.1,874,16,0,125.6,108.0,131,1775982,17.0,1493,112,253,216.0,11,9,5,75000
Espeon,63.0,196,15,0,147.6,104.1,98,1505910,17.0,1491,15,201,230.0,3,5,5,75000
Glaceon,62.9,471,12,0,137.2,124.1,96,1634258,18.0,1499,75,19,137.0,5,5,5,75000
Hattrem,62.8,857,15,0,123.2,115.3,127,1804506,39.0,1496,15,205,58.0,4,5,5,50000
Zebstrika,62.8,523,4,0,137.7,95.5,123,1617244,23.0,1496,124,293,95.0,7,8,3,50000
Luxio (Shadow),62.7,404,4,0,134.1,89.1,139,1661818,45.5,1493,124,293,52.0,7,7,5,75000
Tangela (Shadow),62.7,114,10,0,125.0,121.7,117,1778920,24.5,1491,136,111,245.0,7,7,3,50000
Vanilluxe,62.7,584,12,0,131.5,116.8,110,1690058,19.5,1497,4,19,99.0,5,7,3,50000
Darmanitan (Galarian),62.6,555,12,0,151.3,71.4,137,1480445,18.0,1497,74,19,258.0,8,7,3,50000
Kingler,62.6,99,18,0,143.9,115.0,93,1539736,19.5,1495,7,48,296.0,5,4,3,50000
Raticate (Shadow),62.6,20,13,0,125.9,115.3,122,1771626,34.5,1494,106,130,60.0,7,7,1,10000
Skorupi (Shadow),62.6,451,14,1,90.8,139.5,113,1430471,50.0,1141,99,13,51.0,4,4,5,75000
Stunky,62.6,434,14,2,114.3,88.2,147,1482226,50.0,1301,5,52,276.0,23,23,3,50000
Carracosta (Shadow),62.5,565,18,16,121.8,127.9,118,1839109,21.0,1497,139,146,9.0,15,15,5,75000
Cinccino,62.5,573,13,0,135.5,95.9,127,1650504,24.5,1499,14,13,273.0,6,10,3,50000
Lampent (Shadow),62.5,608,9,7,133.3,97.1,130,1681422,36.5,1497,25,86,94.0,8,8,5,75000
Butterfree (Shadow),62.4,12,1,8,126.7,111.9,124,1757032,31.5,1494,8,41,238.0,20,19,1,10000
Meowstic (Male),62.4,678,15,0,117.6,124.5,130,1902817,26.5,1499,129,200,273.0,8,8,3,50000
Mesprit,62.3,481,15,0,124.1,125.8,116,1811528,18.0,1500,15,262,109.0,3,6,20,100000
Murkrow,62.3,198,2,8,143.5,80.9,134,1554945,40.5,1498,29,78,104.0,7,7,3,50000
Tranquill,62.3,520,13,8,124.0,101.4,143,1797495,49.5,1494,3,4,213.0,5,8,1,10000
Phanpy (Shadow),62.1,231,11,0,102.5,95.0,186,1810589,50.0,1364,130,276,26.0,15,12,3,50000
Archen,62.0,566,16,8,160.1,76.0,115,1399059,31.0,1497,106,9,71.0,6,5,5,75000
Lombre,61.7,271,18,10,106.7,112.6,142,1706340,50.0,1353,7,224,111.0,5,5,3,50000
Pineco,61.7,204,1,0,103.4,115.1,127,1511117,50.0,1253,8,218,213.0,17,24,5,75000
Celebi,61.6,251,15,10,120.5,119.4,129,1855163,16.5,1498,89,227,144.0,5,6,20,100000
Gothitelle,61.6,576,15,0,116.6,137.3,120,1920338,23.5,1498,15,216,109.0,4,6,3,50000
Persian (Alolan),61.6,53,2,0,123.0,113.2,131,1823635,33.0,1498,29,104,187.0,7,10,3,50000
Rotom (Mow),61.6,479,4,10,129.2,143.2,93,1720709,21.0,1491,134,273,176.0,7,5,5,75000
Sigilyph,61.6,561,15,8,131.6,114.0,114,1710530,22.0,1500,3,7,9.0,4,5,5,75000
Simipour,61.6,516,18,0,136.6,94.5,126,1627774,23.5,1496,139,260,52.0,15,15,3,50000
Skorupi,61.6,451,14,1,90.8,139.5,113,1430471,50.0,1141,99,13,51.0,4,4,5,75000
Trapinch (Shadow),61.6,328,11,0,148.7,78.1,120,1394782,50.0,1441,116,226,52.0,13,12,5,75000
Murkrow (Shadow),61.5,198,2,8,143.5,80.9,134,1554945,40.5,1498,29,78,104.0,7,7,3,50000
Phanpy,61.5,231,11,0,102.5,95.0,186,1810589,50.0,1364,130,276,26.0,15,12,3,50000
Plusle,61.5,311,4,0,129.2,107.3,125,1733312,34.0,1499,106,273,111.0,7,7,3,50000
Rotom (Frost),61.5,479,4,12,129.2,143.2,93,1720709,21.0,1491,134,273,24.0,7,9,5,75000
Trapinch,61.5,328,11,0,148.7,78.1,120,1394782,50.0,1441,116,226,52.0,13,12,5,75000
Corphish,61.3,341,18,0,131.1,95.8,117,1469211,50.0,1391,7,11,211.0,4,4,3,50000
Persian,61.3,53,13,0,118.9,115.9,136,1874511,36.0,1496,29,172,191.0,6,9,3,50000
Dwebble,61.2,557,1,16,111.8,120.2,127,1705533,50.0,1384,121,218,296.0,7,5,1,10000
Gabite (Shadow),61.2,444,3,11,128.8,101.0,133,1729456,30.0,1497,93,60,97.0,7,7,5,75000
Omastar,61.2,139,16,18,126.1,128.4,109,1764728,20.0,1493,93,216,127.0,6,10,5,75000
Rampardos (Shadow),61.2,409,16,0,164.6,66.3,125,1363142,16.0,1498,121,216,97.0,6,7,5,75000
Gothitelle (Shadow),61.1,576,15,0,116.6,137.3,120,1920338,23.5,1498,15,216,109.0,4,6,3,50000
Oricorio (Pa'u),61.1,741,15,8,130.9,101.4,128,1699439,24.0,1492,3,7,4.0,4,5,3,75000
Persian (Shadow),61.0,53,13,0,118.9,115.9,136,1874511,36.0,1496,29,172,191.0,6,9,3,50000
Stantler,61.0,234,13,0,132.8,98.1,129,1680704,26.0,1496,130,293,251.0,15,14,3,50000
Sudowoodo (Shadow),61.0,185,16,0,117.2,130.1,125,1905357,26.0,1496,16,156,276.0,10,8,5,75000
Wugtrio,61.0,961,18,0,151.8,107.2,90,1464371,29.0,1496,95,146,260.0,5,5,3,50000
Banette (Shadow),60.9,354,9,0,146.8,91.9,113,1524534,24.5,1500,119,230,58.0,7,7,3,50000
Loudred (Shadow),60.8,294,13,0,125.2,80.7,178,1797820,50.0,1500,5,251,61.0,20,23,1,10000
Gothorita (Shadow),60.7,575,15,0,112.5,130.8,135,1986960,41.5,1498,15,109,200.0,6,5,3,50000
Lampent,60.7,608,9,7,133.3,97.1,130,1681422,36.5,1497,25,86,94.0,8,8,5,75000
Omastar (Shadow),60.7,139,16,18,126.1,128.4,109,1764728,20.0,1493,93,216,127.0,6,10,5,75000
Clauncher,60.6,692,18,0,103.4,110.9,127,1455967,50.0,1230,139,11,48.0,14,17,3,50000
Tentacool (Shadow),60.5,72,18,14,94.1,137.8,113,1465578,50.0,1176,99,295,285.0,5,7,3,50000
Crabominable,60.4,740,6,12,136.8,87.9,135,1624204,19.0,1494,7,133,34.0,4,4,3,50000
Dwebble (Shadow),60.4,557,1,16,111.8,120.2,127,1705533,50.0,1384,121,218,296.0,7,5,1,10000
Mr. Rime,60.4,866,12,15,129.0,114.1,118,1737399,20.0,1499,15,137,200.0,4,5,5,75000
Chinchou,60.3,170,18,4,101.7,94.1,164,1569336,50.0,1265,7,273,285.0,5,5,3,50000
Gothorita,60.2,575,15,0,112.5,130.8,135,1986960,41.5,1498,15,109,200.0,6,5,3,50000
Porygon (Shadow),60.2,137,13,0,120.8,114.7,134,1856061,35.5,1500,130,62,238.0,14,19,3,50000
Tentacool,60.2,72,18,14,94.1,137.8,113,1465578,50.0,1176,99,295,285.0,5,7,3,50000
Toucannon,60.2,733,13,8,137.3,96.8,122,1620926,20.5,1492,11,78,215.0,4,4,1,10000
Liepard (Shadow),60.1,510,2,0,140.9,89.3,126,1585005,31.0,1499,123,55,187.0,4,5,1,10000
Sunflora,60.1,192,10,0,128.7,102.2,131,1723173,26.0,1492,11,245,144.0,4,5,3,50000
Whirlipede (Shadow),60.1,544,1,14,96.6,158.0,113,1725055,50.0,1293,99,245,238.0,6,7,1,10000
Whirlipede,59.9,544,1,14,96.6,158.0,113,1725055,50.0,1293,99,245,238.0,6,7,1,10000
Totodile,59.8,158,18,0,110.9,104.2,127,1467804,50.0,1279,139,11,52.0,14,15,3,10000
Totodile (Shadow),59.8,158,18,0,110.9,104.2,127,1467804,50.0,1279,139,11,52.0,14,15,3,10000
Beautifly,59.6,267,1,8,146.4,81.9,128,1535506,34.5,1500,79,7,240.0,3,4,1,10000
Crabrawler,59.6,739,6,0,135.7,99.1,122,1641269,48.5,1495,7,48,194.0,5,4,3,50000
Fearow,59.5,22,13,8,132.6,102.7,124,1689204,28.5,1497,126,101,79.0,8,8,1,10000
Garbodor (Shadow),59.5,569,14,0,121.7,114.6,132,1842015,23.5,1498,79,26,227.0,3,4,3,50000
Eevee,59.4,133,13,0,100.0,108.4,135,1463320,50.0,1210,106,262,60.0,5,7,5,75000
Flaaffy (Shadow),59.4,180,4,0,121.9,99.8,151,1835783,45.5,1497,13,276,62.0,5,4,5,75000
Loudred,59.4,294,13,0,125.2,80.7,178,1797820,50.0,1500,5,251,61.0,20,23,1,10000
Alakazam (Shadow),59.3,65,15,0,157.0,103.1,88,1425029,18.0,1499,104,92,230.0,5,7,3,50000
Butterfree,59.1,12,1,8,126.7,111.9,124,1757032,31.5,1494,8,41,238.0,20,19,1,10000
Flaaffy,59.1,180,4,0,121.9,99.8,151,1835783,45.5,1497,13,62,276.0,4,5,5,75000
Lilligant,59.0,549,10,0,135.0,105.3,115,1635127,21.5,1491,14,186,128.0,11,14,1,10000
Stantler (Shadow),59.0,234,13,0,133.5,99.5,126,1672954,26.0,1494,130,293,251.0,15,14,3,50000
Chespin,58.9,650,10,0,105.0,101.7,136,1452456,50.0,1239,136,26,227.0,5,6,3,10000
Drizzile,58.9,817,18,0,137.9,91.4,128,1613242,29.5,1493,139,260,285.0,15,19,3,10000
Watchog (Shadow),58.8,505,13,0,126.4,113.2,124,1773125,30.5,1497,5,52,130.0,23,25,1,10000
Bulbasaur,58.6,1,10,14,111.8,105.9,120,1419947,50.0,1260,136,192,245.0,7,7,3,10000
Ponyta (Galarian),58.6,77,15,0,134.8,109.4,113,1666179,36.5,1500,104,262,187.0,4,7,3,50000
Boltund,58.5,836,4,0,136.3,97.5,123,1634388,25.0,1495,124,52,267.0,7,9,1,50000
Dodrio,58.5,85,13,8,144.4,99.1,108,1545284,23.5,1494,126,31,78.0,10,7,3,50000
Illumise,58.5,314,1,0,111.1,136.8,132,2005636,34.0,1494,130,240,58.0,15,19,3,50000
Meowstic (Female),58.5,678,15,0,117.6,124.5,130,1902817,26.5,1499,15,230,200.0,5,5,3,50000
Alakazam,58.4,65,15,0,157.0,103.1,88,1425029,18.0,1499,104,92,230.0,5,7,3,50000
Braviary (Hisuian),58.4,628,15,8,128.6,89.1,151,1729615,19.5,1491,3,31,101.0,7,5,5,75000
Snover,58.3,459,10,12,109.2,100.8,142,1564162,50.0,1311,102,131,86.0,7,7,3,50000
Krabby,58.2,98,18,0,148.1,110.4,92,1504334,42.0,1499,7,211,285.0,4,5,3,50000
Musharna,58.1,518,15,0,113.7,108.9,159,1968272,20.5,1499,13,205,58.0,4,5,3,50000
Floragato,58.0,907,10,0,124.9,111.0,129,1788742,37.5,1498,83,111,187.0,8,9,3,10000
Gumshoos,58.0,735,13,0,134.9,85.7,144,1664430,25.5,1500,5,218,52.0,25,23,1,10000
Liepard,57.9,510,2,0,140.9,89.3,126,1585005,31.0,1499,123,55,187.0,4,5,1,10000
Mr. Mime (Galarian),57.9,122,12,15,131.2,127.7,102,1709143,27.0,1497,15,133,279.0,4,4,5,75000
Koffing,57.8,109,14,0,112.6,131.1,113,1667925,50.0,1373,79,244,55.0,4,5,3,50000
Pancham,57.8,674,6,0,123.3,100.2,147,1816117,47.5,1498,130,26,52.0,12,15,3,50000
Koffing (Shadow),57.7,109,14,0,112.6,131.1,113,1667925,50.0,1373,79,244,55.0,4,5,3,50000
Komala,57.6,775,13,0,137.1,110.2,108,1631813,21.0,1498,114,184,43.0,5,4,3,50000
Pupitar (Shadow),57.3,247,16,11,121.1,112.7,136,1856138,35.0,1500,5,9,60.0,23,25,5,75000
Roggenrola (Shadow),57.2,524,16,0,114.3,105.0,135,1620509,50.0,1362,121,253,215.0,7,5,3,50000
Garbodor,57.1,569,14,0,121.7,114.6,132,1842015,23.5,1498,79,26,227.0,3,4,3,50000
Goldeen,57.1,118,18,0,116.0,105.0,120,1461636,50.0,1302,93,13,122.0,5,5,3,50000
Watchog,57.1,505,13,0,126.4,113.2,124,1773125,30.5,1497,5,52,130.0,23,25,1,10000
Sawsbuck,57.0,586,13,10,130.1,103.1,128,1717029,23.0,1495,29,293,276.0,8,8,3,50000
Xatu (Shadow),57.0,178,15,8,132.9,107.3,118,1681956,25.5,1499,3,4,109.0,5,8,3,50000
Piplup (Shadow),56.9,393,18,0,106.7,98.3,131,1374452,50.0,1215,7,78,137.0,4,5,3,10000
Exeggcute (Shadow),56.8,102,10,15,102.5,117.6,142,1712557,50.0,1328,15,227,9.0,4,4,3,50000
Exeggutor (Shadow),56.8,103,10,15,136.7,93.7,128,1639303,18.5,1497,11,227,200.0,4,5,3,50000
Exeggcute,56.7,102,10,15,102.5,117.6,142,1712557,50.0,1328,15,227,9.0,4,4,3,50000
Hoopa,56.7,720,15,9,144.8,106.3,99,1524461,16.0,1488,4,230,200.0,6,6,20,100000
Azelf,56.6,482,15,0,152.6,91.4,105,1464716,17.0,1500,15,262,109.0,3,6,20,100000
Piplup,56.6,393,18,0,106.7,98.3,131,1374452,50.0,1215,7,78,137.0,4,5,3,10000
Maractus,56.4,556,10,0,136.8,93.6,128,1638424,24.0,1498,11,4,186.0,4,5,1,10000
Seadra (Shadow),56.4,117,18,0,132.6,114.5,111,1685540,27.0,1499,21,127,24.0,25,25,3,50000
Nosepass,56.3,299,16,0,81.5,193.3,98,1543812,50.0,1123,112,216,215.0,9,8,3,50000
Nosepass (Shadow),56.2,299,16,0,81.5,193.3,98,1543812,50.0,1123,112,216,215.0,9,8,3,50000
Exeggutor,56.1,103,10,15,136.7,93.7,128,1639303,18.5,1497,11,227,200.0,4,5,3,50000
Rampardos,56.1,409,16,0,164.6,66.3,125,1363142,16.0,1498,121,216,97.0,6,7,5,75000
Octillery,55.9,224,18,0,132.9,103.2,123,1686230,24.5,1500,86,175,113.0,10,15,1,10000
Xatu,55.9,178,15,8,132.9,107.3,118,1681956,25.5,1499,3,4,109.0,5,8,3,50000
Bergmite,55.8,712,12,0,110.9,113.4,135,1698675,50.0,1374,130,137,52.0,15,15,3,50000
Bulbasaur (Shadow),55.8,1,10,14,111.8,105.9,120,1419947,50.0,1260,136,192,245.0,7,7,3,10000
Clawitzer,55.7,693,18,0,134.4,110.5,111,1648951,20.0,1493,139,48,131.0,17,19,3,50000
Deerling,55.6,585,13,10,109.2,96.6,142,1498988,50.0,1283,130,293,276.0,15,15,3,50000
Shaymin (Sky),55.6,492,10,8,138.1,93.6,124,1604184,15.0,1489,89,111,86.0,5,6,20,100000
Pupitar,55.4,247,16,11,121.1,112.7,136,1856138,35.0,1500,5,9,60.0,23,25,5,75000
Drowzee (Shadow),55.3,96,15,0,87.4,126.9,142,1574590,50.0,1176,15,205,200.0,4,5,3,50000
Beheeyem,55.2,606,15,0,134.4,105.7,116,1648710,20.0,1491,15,216,55.0,4,5,3,50000
Inteleon,55.2,818,18,0,154.0,89.6,105,1449217,18.5,1498,139,260,230.0,15,19,3,10000
Snover (Shadow),55.2,459,10,12,109.2,100.8,142,1564162,50.0,1311,102,131,86.0,7,7,3,50000
Trumbeak,55.2,732,13,8,134.9,95.2,129,1657028,47.5,1500,96,78,215.0,8,8,1,10000
Drowzee,55.1,96,15,0,87.4,126.9,142,1574590,50.0,1176,15,205,213.0,4,6,3,50000
Roggenrola,55.0,524,16,0,114.3,105.0,135,1620509,50.0,1362,121,253,215.0,7,5,3,50000
Volbeat,54.9,313,1,0,111.1,136.8,132,2005636,34.0,1494,130,41,273.0,20,19,3,50000
Roselia,54.8,315,10,14,139.6,107.3,107,1602355,30.5,1497,97,245,186.0,8,10,3,50000
Elgyem,54.5,605,15,0,134.0,94.7,132,1675163,49.5,1500,15,55,200.0,5,5,3,50000
Gorebyss,54.4,368,18,0,136.9,118.5,101,1638002,22.5,1500,139,285,200.0,19,19,3,50000
Audino,54.2,531,13,0,92.6,138.1,189,2416540,39.0,1499,147,26,61.0,6,8,3,50000
Accelgor (Shadow),54.0,617,1,0,143.2,84.3,129,1556853,22.5,1498,141,41,238.0,5,4,3,50000
Seadra,53.6,117,18,0,132.6,114.5,111,1685540,27.0,1499,21,127,24.0,25,25,3,50000
Jynx,53.5,124,12,15,142.2,101.5,109,1573630,22.0,1496,15,19,205.0,4,4,5,75000
Varoom,53.4,965,17,14,116.0,102.5,120,1426556,50.0,1287,92,114,113.0,8,10,3,50000
Accelgor,53.2,617,1,0,143.2,84.3,129,1556853,22.5,1498,141,41,1.0,5,4,3,50000
Porygon-Z (Shadow),53.0,474,13,0,148.7,88.4,115,1512352,16.5,1499,86,277,297.0,10,16,3,50000
Cherrim (Overcast),52.9,421,10,0,122.9,115.2,129,1826290,27.0,1498,11,58,248.0,5,7,1,10000
Flabebe,52.9,669,5,0,103.4,113.4,119,1395258,50.0,1202,136,58,200.0,7,7,3,50000
Rowlet,52.8,722,10,8,98.3,95.8,154,1450375,50.0,1196,83,227,86.0,7,8,3,10000
Porygon-Z,52.4,474,13,0,148.7,88.4,115,1512352,16.5,1499,86,277,297.0,10,16,3,50000
Reuniclus (Shadow),52.4,579,15,0,127.6,93.7,147,1756073,18.5,1500,65,205,230.0,5,7,3,50000
Throh,52.4,538,6,0,110.3,107.8,170,2020070,21.5,1493,87,26,34.0,7,8,5,75000
Turtwig,52.2,387,10,0,112.6,105.0,135,1596678,50.0,1342,130,26,227.0,12,15,3,10000
Unfezant (Shadow),52.1,521,13,8,139.2,96.2,120,1606547,20.0,1495,3,242,128.0,7,9,1,10000
Turtwig (Shadow),51.8,387,10,0,112.6,105.0,135,1596678,50.0,1342,130,26,227.0,12,15,3,10000
Noivern,51.6,715,8,3,126.4,110.7,127,1776882,20.5,1498,3,123,67.0,8,8,5,75000
Chatot,51.4,441,13,8,140.4,78.4,145,1596254,32.5,1500,126,242,171.0,10,8,5,75000
Throh (Shadow),51.4,538,6,0,110.3,107.8,170,2020070,21.5,1493,87,26,34.0,7,8,5,75000
Reuniclus,51.1,579,15,0,127.6,93.7,147,1756073,18.5,1500,49,205,230.0,5,7,3,50000
Meltan,51.0,808,17,0,111.8,95.8,121,1295420,50.0,1207,134,273,99.0,7,8,20,100000
Axew,50.9,610,3,0,139.5,95.2,121,1607281,49.0,1498,117,71,13.0,18,18,5,75000
Ferroseed,50.7,597,10,17,81.5,142.9,119,1385595,50.0,1064,91,139,213.0,8,10,3,75000
Swirlix,50.5,684,5,0,104.2,112.6,145,1701231,50.0,1333,130,86,77.0,19,19,3,50000
Ferroseed (Shadow),49.6,597,10,17,81.5,142.9,119,1385595,50.0,1064,91,139,99.0,8,10,3,75000
Unfezant,48.5,521,13,8,139.2,96.2,120,1606547,20.0,1495,3,242,128.0,7,9,1,10000
Tornadus (Incarnate),48.4,641,8,0,147.6,97.1,106,1519654,16.5,1500,3,111,123.0,6,8,20,100000
Timburr,48.3,532,6,0,125.2,85.7,164,1759945,50.0,1487,87,218,34.0,10,8,5,75000
Duosion (Shadow),48.2,578,15,0,149.2,82.7,121,1492507,27.5,1493,65,205,171.0,5,6,3,50000
Snubbull,48.0,209,5,0,127.7,84.0,142,1524055,50.0,1399,130,52,58.0,15,19,3,50000
Solosis (Shadow),48.0,577,15,0,152.9,79.8,120,1465025,50.0,1497,65,205,171.0,5,6,3,50000
Deoxys (Speed),47.8,386,15,0,140.8,131.6,86,1592886,18.5,1499,13,204,262.0,4,4,20,100000
Anorith (Shadow),47.2,347,16,1,147.0,92.1,113,1529912,43.5,1500,128,11,51.0,5,5,3,50000
Munna,46.6,517,15,0,105.9,89.9,166,1580270,50.0,1294,13,205,58.0,4,5,3,50000
Duosion,46.3,578,15,0,149.2,82.7,121,1492507,27.5,1493,65,205,171.0,5,6,3,50000
Solosis,46.2,577,15,0,152.9,79.8,120,1465025,50.0,1497,65,205,171.0,5,6,3,50000
Timburr (Shadow),45.3,532,6,0,125.2,85.7,164,1759945,50.0,1487,87,218,34.0,10,8,5,75000
Snubbull (Shadow),45.2,209,5,0,127.7,84.0,142,1524055,50.0,1399,130,52,58.0,15,19,3,50000
Anorith,44.6,347,16,1,147.0,92.1,113,1529912,43.5,1500,128,11,9.0,5,6,3,50000
Regigigas (Shadow),43.8,486,13,0,139.3,103.9,111,1607200,12.5,1499,61,53,267.0,7,8,20,100000
Spoink (Shadow),42.1,325,15,0,117.6,115.1,140,1896031,50.0,1495,147,230,160.0,10,10,1,10000
Skiddo,41.0,672,10,0,116.0,98.3,151,1721514,50.0,1414,110,216,227.0,7,7,3,50000
Spoink,40.1,325,15,0,117.6,115.1,140,1896031,50.0,1495,147,230,213.0,10,12,1,10000
Clefairy,39.5,35,5,0,102.5,103.4,157,1663540,50.0,1306,147,61,262.0,8,6,1,10000
Kadabra,39.5,64,15,0,163.7,90.1,92,1356485,26.5,1496,104,230,58.0,7,7,3,50000
Unown,38.1,201,15,0,126.9,89.1,125,1412738,50.0,1339,65,255,,13,0,5,75000
Mienfoo,36.2,619,6,0,143.6,93.8,116,1563337,48.0,1500,87,120,34.0,11,8,3,50000
Slaking,20.2,289,13,0,139.3,83.6,138,1607595,12.5,1498,145,26,84.0,3,6,5,75000
Slaking (Shadow),17.9,289,13,0,139.3,83.6,138,1607595,12.5,1498,145,26,84.0,3,6,5,75000
